author,authorLabel,birthDate,deathDate,countryLabel,mainWorkLabel,main work count,sitelink
http://www.wikidata.org/entity/Q48368,José Joaquín Fernández de Lizardi,1776-11-15T00:00:00Z,1827-06-21T00:00:00Z,México,El Periquillo Sarniento,1,https://es.wikipedia.org/wiki/Jos%C3%A9_Joaqu%C3%ADn_Eugenio_Fern%C3%A1ndez_de_Lizardi_Guti%C3%A9rrez
http://www.wikidata.org/entity/Q9075361,Sebastián Miñano,1779-01-20T00:00:00Z,1845-02-06T00:00:00Z,España,Diccionario geográfico-estadístico de España y Portugal,1,https://es.wikipedia.org/wiki/Sebasti%C3%A1n_Mi%C3%B1ano
http://www.wikidata.org/entity/Q66386468,Tomás González Hernández,1780-03-07T00:00:00Z,1833-03-16T00:00:00Z,España,Registro y relación general de minas de la Corona de Castilla,1,https://es.wikipedia.org/wiki/Tom%C3%A1s_Gonz%C3%A1lez_Hern%C3%A1ndez
http://www.wikidata.org/entity/Q981503,José Joaquín de Olmedo,1780-03-31T00:00:00Z,1847-02-19T00:00:00Z,Provincia Libre de Guayaquil,La victoria de Junín,1,https://es.wikipedia.org/wiki/Jos%C3%A9_Joaqu%C3%ADn_de_Olmedo
http://www.wikidata.org/entity/Q981503,José Joaquín de Olmedo,1780-03-31T00:00:00Z,1847-02-19T00:00:00Z,Provincia Libre de Guayaquil,Bandera de Guayaquil,1,https://es.wikipedia.org/wiki/Jos%C3%A9_Joaqu%C3%ADn_de_Olmedo
http://www.wikidata.org/entity/Q981503,José Joaquín de Olmedo,1780-03-31T00:00:00Z,1847-02-19T00:00:00Z,Provincia Libre de Guayaquil,Escudo de Guayaquil,1,https://es.wikipedia.org/wiki/Jos%C3%A9_Joaqu%C3%ADn_de_Olmedo
http://www.wikidata.org/entity/Q981503,José Joaquín de Olmedo,1780-03-31T00:00:00Z,1847-02-19T00:00:00Z,Provincia Libre de Guayaquil,Canción del 9 de octubre,1,https://es.wikipedia.org/wiki/Jos%C3%A9_Joaqu%C3%ADn_de_Olmedo
http://www.wikidata.org/entity/Q981503,José Joaquín de Olmedo,1780-03-31T00:00:00Z,1847-02-19T00:00:00Z,Provincia Libre de Guayaquil,Escudo del Ecuador,1,https://es.wikipedia.org/wiki/Jos%C3%A9_Joaqu%C3%ADn_de_Olmedo
http://www.wikidata.org/entity/Q5944203,José Musso,1785-12-26T00:00:00Z,1838-07-31T00:00:00Z,España,Colección lithographica de cuadros del Rey de España el Sr. D. Fernando VII,1,https://es.wikipedia.org/wiki/Jos%C3%A9_Musso
http://www.wikidata.org/entity/Q6294353,José de la Torre Ugarte,1786-03-19T00:00:00Z,1831-09-01T00:00:00Z,Perú,Himno Nacional del Perú,1,https://es.wikipedia.org/wiki/Jos%C3%A9_de_la_Torre_Ugarte
http://www.wikidata.org/entity/Q1891493,Manuel Eduardo de Gorostiza,1789-10-13T00:00:00Z,1851-10-23T00:00:00Z,México,"Apéndice a la galería de los más celebres periodistas, folletistas y articulistas de esta capital",1,https://es.wikipedia.org/wiki/Manuel_Eduardo_de_Gorostiza
http://www.wikidata.org/entity/Q1891493,Manuel Eduardo de Gorostiza,1789-10-13T00:00:00Z,1851-10-23T00:00:00Z,México,"Galería en miniatura de los más célebres periodistas, folletistas y articulistas de Madrid",1,https://es.wikipedia.org/wiki/Manuel_Eduardo_de_Gorostiza
http://www.wikidata.org/entity/Q1350076,Ramón Carnicer Batlle,1789-10-24T00:00:00Z,1855-03-17T00:00:00Z,España,Himno Nacional de Chile,1,https://es.wikipedia.org/wiki/Ram%C3%B3n_Carnicer_y_Batlle
http://www.wikidata.org/entity/Q5872276,Félix González de León,1790-01-01T00:00:00Z,1854-01-01T00:00:00Z,España,Noticia histórica del origen de los nombres de las calles de esta ciudad de Sevilla,1,https://es.wikipedia.org/wiki/F%C3%A9lix_Gonz%C3%A1lez_de_Le%C3%B3n
http://www.wikidata.org/entity/Q20535597,Xosé Fernández Neira,1790-01-01T00:00:00Z,,España,Q51749716,1,
http://www.wikidata.org/entity/Q8251719,Braulio Foz,1791-01-01T00:00:00Z,1865-04-20T00:00:00Z,España,Vida de Pedro Saputo,1,https://es.wikipedia.org/wiki/Braulio_Foz
http://www.wikidata.org/entity/Q155463,Duque de Rivas,1791-03-10T00:00:00Z,1865-06-22T00:00:00Z,España,Don Álvaro o la fuerza del sino,1,https://es.wikipedia.org/wiki/Duque_de_Rivas
http://www.wikidata.org/entity/Q64175798,Manuel Amado,1796-07-21T00:00:00Z,1846-09-23T00:00:00Z,España,La Monarquía y la religión triunfante de los sofismas,1,https://es.wikipedia.org/wiki/Manuel_Amado
http://www.wikidata.org/entity/Q64175798,Manuel Amado,1796-07-21T00:00:00Z,1846-09-23T00:00:00Z,España,Dios y España,1,https://es.wikipedia.org/wiki/Manuel_Amado
http://www.wikidata.org/entity/Q64175798,Manuel Amado,1796-07-21T00:00:00Z,1846-09-23T00:00:00Z,España,Compendio de las vidas de los santos canonizados y beatificados,1,https://es.wikipedia.org/wiki/Manuel_Amado
http://www.wikidata.org/entity/Q973094,Ramón de la Sagra,1798-04-08T00:00:00Z,1871-05-23T00:00:00Z,España,Catálogo de escritores económicos españoles,1,https://es.wikipedia.org/wiki/Ram%C3%B3n_de_la_Sagra
http://www.wikidata.org/entity/Q892124,Buenaventura Carlos Aribau,1798-11-04T00:00:00Z,1862-09-17T00:00:00Z,España,Oda a la Patria,1,https://es.wikipedia.org/wiki/Buenaventura_Carlos_Aribau
http://www.wikidata.org/entity/Q332191,Fermín Caballero,1800-07-07T00:00:00Z,1876-06-17T00:00:00Z,España,Conquenses ilustres,1,https://es.wikipedia.org/wiki/Ferm%C3%ADn_Caballero
http://www.wikidata.org/entity/Q1545524,Ramón de Mesonero Romanos,1803-07-19T00:00:00Z,1882-04-30T00:00:00Z,España,Manual de Madrid: descripción de la corte y de la villa,1,https://es.wikipedia.org/wiki/Ram%C3%B3n_de_Mesonero_Romanos
http://www.wikidata.org/entity/Q55836769,Teodoro Ochoa de Alda,1803-11-01T00:00:00Z,1878-09-10T00:00:00Z,España,Diccionario geográfico histórico de Navarra,1,https://es.wikipedia.org/wiki/Teodoro_Ochoa_de_Alda
http://www.wikidata.org/entity/Q2427046,Pascual Madoz,1806-05-17T00:00:00Z,1870-12-13T00:00:00Z,España,Diccionario geográfico-estadístico-histórico de España y sus posesiones de Ultramar,1,https://es.wikipedia.org/wiki/Pascual_Madoz
http://www.wikidata.org/entity/Q152513,Henry Wadsworth Longfellow.,1807-02-27T00:00:00Z,1882-03-24T00:00:00Z,Estados Unidos,"Stay, Stay at Home, my Heart, and Rest",1,https://es.wikipedia.org/wiki/Henry_Wadsworth_Longfellow
http://www.wikidata.org/entity/Q152513,Henry Wadsworth Longfellow.,1807-02-27T00:00:00Z,1882-03-24T00:00:00Z,Estados Unidos,The Open Window,1,https://es.wikipedia.org/wiki/Henry_Wadsworth_Longfellow
http://www.wikidata.org/entity/Q152513,Henry Wadsworth Longfellow.,1807-02-27T00:00:00Z,1882-03-24T00:00:00Z,Estados Unidos,Decoration Day,1,https://es.wikipedia.org/wiki/Henry_Wadsworth_Longfellow
http://www.wikidata.org/entity/Q152513,Henry Wadsworth Longfellow.,1807-02-27T00:00:00Z,1882-03-24T00:00:00Z,Estados Unidos,Curfew,1,https://es.wikipedia.org/wiki/Henry_Wadsworth_Longfellow
http://www.wikidata.org/entity/Q152513,Henry Wadsworth Longfellow.,1807-02-27T00:00:00Z,1882-03-24T00:00:00Z,Estados Unidos,Charles Sumner,1,https://es.wikipedia.org/wiki/Henry_Wadsworth_Longfellow
http://www.wikidata.org/entity/Q152513,Henry Wadsworth Longfellow.,1807-02-27T00:00:00Z,1882-03-24T00:00:00Z,Estados Unidos,Afternoon in February,1,https://es.wikipedia.org/wiki/Henry_Wadsworth_Longfellow
http://www.wikidata.org/entity/Q152513,Henry Wadsworth Longfellow.,1807-02-27T00:00:00Z,1882-03-24T00:00:00Z,Estados Unidos,The Rainy Day,1,https://es.wikipedia.org/wiki/Henry_Wadsworth_Longfellow
http://www.wikidata.org/entity/Q152513,Henry Wadsworth Longfellow.,1807-02-27T00:00:00Z,1882-03-24T00:00:00Z,Estados Unidos,The Skeleton in Armour,1,https://es.wikipedia.org/wiki/Henry_Wadsworth_Longfellow
http://www.wikidata.org/entity/Q152513,Henry Wadsworth Longfellow.,1807-02-27T00:00:00Z,1882-03-24T00:00:00Z,Estados Unidos,The Ladder of St. Augustine,1,https://es.wikipedia.org/wiki/Henry_Wadsworth_Longfellow
http://www.wikidata.org/entity/Q152513,Henry Wadsworth Longfellow.,1807-02-27T00:00:00Z,1882-03-24T00:00:00Z,Estados Unidos,Old St. David's at Radnor,1,https://es.wikipedia.org/wiki/Henry_Wadsworth_Longfellow
http://www.wikidata.org/entity/Q152513,Henry Wadsworth Longfellow.,1807-02-27T00:00:00Z,1882-03-24T00:00:00Z,Estados Unidos,The Sifting of Peter,1,https://es.wikipedia.org/wiki/Henry_Wadsworth_Longfellow
http://www.wikidata.org/entity/Q152513,Henry Wadsworth Longfellow.,1807-02-27T00:00:00Z,1882-03-24T00:00:00Z,Estados Unidos,A Psalm of Life,1,https://es.wikipedia.org/wiki/Henry_Wadsworth_Longfellow
http://www.wikidata.org/entity/Q152513,Henry Wadsworth Longfellow.,1807-02-27T00:00:00Z,1882-03-24T00:00:00Z,Estados Unidos,Santa Filomena,1,https://es.wikipedia.org/wiki/Henry_Wadsworth_Longfellow
http://www.wikidata.org/entity/Q152513,Henry Wadsworth Longfellow.,1807-02-27T00:00:00Z,1882-03-24T00:00:00Z,Estados Unidos,Los niños,1,https://es.wikipedia.org/wiki/Henry_Wadsworth_Longfellow
http://www.wikidata.org/entity/Q152513,Henry Wadsworth Longfellow.,1807-02-27T00:00:00Z,1882-03-24T00:00:00Z,Estados Unidos,The Legend Beautiful,1,https://es.wikipedia.org/wiki/Henry_Wadsworth_Longfellow
http://www.wikidata.org/entity/Q152513,Henry Wadsworth Longfellow.,1807-02-27T00:00:00Z,1882-03-24T00:00:00Z,Estados Unidos,King Trisanku,1,https://es.wikipedia.org/wiki/Henry_Wadsworth_Longfellow
http://www.wikidata.org/entity/Q152513,Henry Wadsworth Longfellow.,1807-02-27T00:00:00Z,1882-03-24T00:00:00Z,Estados Unidos,The Builders,1,https://es.wikipedia.org/wiki/Henry_Wadsworth_Longfellow
http://www.wikidata.org/entity/Q152513,Henry Wadsworth Longfellow.,1807-02-27T00:00:00Z,1882-03-24T00:00:00Z,Estados Unidos,The Building of the Ship,1,https://es.wikipedia.org/wiki/Henry_Wadsworth_Longfellow
http://www.wikidata.org/entity/Q152513,Henry Wadsworth Longfellow.,1807-02-27T00:00:00Z,1882-03-24T00:00:00Z,Estados Unidos,The Poet and his Songs,1,https://es.wikipedia.org/wiki/Henry_Wadsworth_Longfellow
http://www.wikidata.org/entity/Q152513,Henry Wadsworth Longfellow.,1807-02-27T00:00:00Z,1882-03-24T00:00:00Z,Estados Unidos,From my Arm-Chair,1,https://es.wikipedia.org/wiki/Henry_Wadsworth_Longfellow
http://www.wikidata.org/entity/Q152513,Henry Wadsworth Longfellow.,1807-02-27T00:00:00Z,1882-03-24T00:00:00Z,Estados Unidos,The Two Angels,1,https://es.wikipedia.org/wiki/Henry_Wadsworth_Longfellow
http://www.wikidata.org/entity/Q152513,Henry Wadsworth Longfellow.,1807-02-27T00:00:00Z,1882-03-24T00:00:00Z,Estados Unidos,Flowers,1,https://es.wikipedia.org/wiki/Henry_Wadsworth_Longfellow
http://www.wikidata.org/entity/Q152513,Henry Wadsworth Longfellow.,1807-02-27T00:00:00Z,1882-03-24T00:00:00Z,Estados Unidos,The Singers,1,https://es.wikipedia.org/wiki/Henry_Wadsworth_Longfellow
http://www.wikidata.org/entity/Q152513,Henry Wadsworth Longfellow.,1807-02-27T00:00:00Z,1882-03-24T00:00:00Z,Estados Unidos,Resignation,1,https://es.wikipedia.org/wiki/Henry_Wadsworth_Longfellow
http://www.wikidata.org/entity/Q152513,Henry Wadsworth Longfellow.,1807-02-27T00:00:00Z,1882-03-24T00:00:00Z,Estados Unidos,The Old Clock on the Stairs,1,https://es.wikipedia.org/wiki/Henry_Wadsworth_Longfellow
http://www.wikidata.org/entity/Q152513,Henry Wadsworth Longfellow.,1807-02-27T00:00:00Z,1882-03-24T00:00:00Z,Estados Unidos,The Light of Stars,1,https://es.wikipedia.org/wiki/Henry_Wadsworth_Longfellow
http://www.wikidata.org/entity/Q152513,Henry Wadsworth Longfellow.,1807-02-27T00:00:00Z,1882-03-24T00:00:00Z,Estados Unidos,The Bridge,1,https://es.wikipedia.org/wiki/Henry_Wadsworth_Longfellow
http://www.wikidata.org/entity/Q152513,Henry Wadsworth Longfellow.,1807-02-27T00:00:00Z,1882-03-24T00:00:00Z,Estados Unidos,Voices of the Night,1,https://es.wikipedia.org/wiki/Henry_Wadsworth_Longfellow
http://www.wikidata.org/entity/Q152513,Henry Wadsworth Longfellow.,1807-02-27T00:00:00Z,1882-03-24T00:00:00Z,Estados Unidos,The Children's Hour,1,https://es.wikipedia.org/wiki/Henry_Wadsworth_Longfellow
http://www.wikidata.org/entity/Q152513,Henry Wadsworth Longfellow.,1807-02-27T00:00:00Z,1882-03-24T00:00:00Z,Estados Unidos,The Wreck of the Hesperus,1,https://es.wikipedia.org/wiki/Henry_Wadsworth_Longfellow
http://www.wikidata.org/entity/Q152513,Henry Wadsworth Longfellow.,1807-02-27T00:00:00Z,1882-03-24T00:00:00Z,Estados Unidos,The Village Blacksmith,1,https://es.wikipedia.org/wiki/Henry_Wadsworth_Longfellow
http://www.wikidata.org/entity/Q152513,Henry Wadsworth Longfellow.,1807-02-27T00:00:00Z,1882-03-24T00:00:00Z,Estados Unidos,The Courtship of Miles Standish,1,https://es.wikipedia.org/wiki/Henry_Wadsworth_Longfellow
http://www.wikidata.org/entity/Q152513,Henry Wadsworth Longfellow.,1807-02-27T00:00:00Z,1882-03-24T00:00:00Z,Estados Unidos,Paul Revere's Ride,1,https://es.wikipedia.org/wiki/Henry_Wadsworth_Longfellow
http://www.wikidata.org/entity/Q152513,Henry Wadsworth Longfellow.,1807-02-27T00:00:00Z,1882-03-24T00:00:00Z,Estados Unidos,La canción de Hiawatha,1,https://es.wikipedia.org/wiki/Henry_Wadsworth_Longfellow
http://www.wikidata.org/entity/Q539,Giuseppe Garibaldi,1807-07-04T00:00:00Z,1882-06-02T00:00:00Z,Reino de Cerdeña-Piamonte,unificación de Italia,1,https://es.wikipedia.org/wiki/Giuseppe_Garibaldi
http://www.wikidata.org/entity/Q162269,Jefferson Davis,1808-06-03T00:00:00Z,1889-12-06T00:00:00Z,Estados Confederados de América,The Rise and Fall of the Confederate Government,1,https://es.wikipedia.org/wiki/Jefferson_Davis
http://www.wikidata.org/entity/Q162269,Jefferson Davis,1808-06-03T00:00:00Z,1889-12-06T00:00:00Z,Estados Confederados de América,A Short History of the Confederate States of America,1,https://es.wikipedia.org/wiki/Jefferson_Davis
http://www.wikidata.org/entity/Q3375267,Pedro Felipe Monlau,1808-06-29T00:00:00Z,1871-02-16T00:00:00Z,España,Abajo las murallas,1,https://es.wikipedia.org/wiki/Pedro_Felipe_Monlau
http://www.wikidata.org/entity/Q84938763,Manuel Buzeta Núñez,1808-11-21T00:00:00Z,1891-01-01T00:00:00Z,España,"Diccionario geográfico, estadístico, histórico de las Islas Filipinas",1,https://es.wikipedia.org/wiki/Manuel_Buzeta_N%C3%BA%C3%B1ez
http://www.wikidata.org/entity/Q723141,Juan Donoso Cortés,1809-05-06T00:00:00Z,1853-05-03T00:00:00Z,España,"Ensayo sobre el catolicismo, el liberalismo y el socialismo",1,https://es.wikipedia.org/wiki/Juan_Donoso_Cort%C3%A9s
http://www.wikidata.org/entity/Q366639,Albert Pike,1809-12-29T00:00:00Z,1891-04-02T00:00:00Z,Estados Confederados de América,Morals and Dogma of the Ancient and Accepted Scottish Rite of Freemasonry,1,https://es.wikipedia.org/wiki/Albert_Pike
http://www.wikidata.org/entity/Q6206495,Joaquín María Bover de Rosselló,1810-01-01T00:00:00Z,1865-01-01T00:00:00Z,España,Diccionario bibliográfico de las publicaciones periódicas de las Baleares,1,https://es.wikipedia.org/wiki/Joaqu%C3%ADn_Mar%C3%ADa_Bover_de_Rossell%C3%B3
http://www.wikidata.org/entity/Q6206495,Joaquín María Bover de Rosselló,1810-01-01T00:00:00Z,1865-01-01T00:00:00Z,España,Biblioteca de escritores baleares,1,https://es.wikipedia.org/wiki/Joaqu%C3%ADn_Mar%C3%ADa_Bover_de_Rossell%C3%B3
http://www.wikidata.org/entity/Q9028037,Manuel Payno,1810-06-21T00:00:00Z,1894-11-05T00:00:00Z,México,Los bandidos de Río Frío,1,https://es.wikipedia.org/wiki/Manuel_Payno
http://www.wikidata.org/entity/Q722738,Juan Bautista Alberdi,1810-08-29T00:00:00Z,1884-06-19T00:00:00Z,Argentina,Bases y puntos de partida para la organización política de la República Argentina,1,https://es.wikipedia.org/wiki/Juan_Bautista_Alberdi
http://www.wikidata.org/entity/Q254041,Domingo Faustino Sarmiento,1811-02-14T00:00:00Z,1888-09-11T00:00:00Z,Argentina,Campaña en el Ejército Grande,1,https://es.wikipedia.org/wiki/Domingo_Faustino_Sarmiento
http://www.wikidata.org/entity/Q254041,Domingo Faustino Sarmiento,1811-02-14T00:00:00Z,1888-09-11T00:00:00Z,Argentina,Vida de Dominguito,1,https://es.wikipedia.org/wiki/Domingo_Faustino_Sarmiento
http://www.wikidata.org/entity/Q254041,Domingo Faustino Sarmiento,1811-02-14T00:00:00Z,1888-09-11T00:00:00Z,Argentina,Recuerdos de provincia,1,https://es.wikipedia.org/wiki/Domingo_Faustino_Sarmiento
http://www.wikidata.org/entity/Q254041,Domingo Faustino Sarmiento,1811-02-14T00:00:00Z,1888-09-11T00:00:00Z,Argentina,Facundo o civilización y barbarie en las pampas argentinas,1,https://es.wikipedia.org/wiki/Domingo_Faustino_Sarmiento
http://www.wikidata.org/entity/Q21730807,Jacobo de la Pezuela y Lobo,1811-07-24T00:00:00Z,1882-10-03T00:00:00Z,España,"Diccionario geográfico, estadístico, histórico, de la isla de Cuba",1,https://es.wikipedia.org/wiki/Jacobo_de_la_Pezuela_y_Lobo
http://www.wikidata.org/entity/Q3032159,Nicomedes Pastor Díaz,1811-09-15T00:00:00Z,1863-03-22T00:00:00Z,España,Galería de españoles célebres contemporáneos,1,https://es.wikipedia.org/wiki/Nicomedes_Pastor_D%C3%ADaz
http://www.wikidata.org/entity/Q355112,Louis Blanc,1811-10-29T00:00:00Z,1882-12-06T00:00:00Z,Francia,Talleres Nacionales,1,https://es.wikipedia.org/wiki/Louis_Blanc
http://www.wikidata.org/entity/Q355112,Louis Blanc,1811-10-29T00:00:00Z,1882-12-06T00:00:00Z,Francia,derecho al trabajo,1,https://es.wikipedia.org/wiki/Louis_Blanc
http://www.wikidata.org/entity/Q53547207,José María Anchóriz,1813-01-01T00:00:00Z,1877-10-01T00:00:00Z,España,Ensayo de geografía histórica antigua,1,https://es.wikipedia.org/wiki/Jos%C3%A9_Mar%C3%ADa_Anch%C3%B3riz
http://www.wikidata.org/entity/Q4894015,Vicente Boix,1813-01-01T00:00:00Z,1880-01-01T00:00:00Z,España,Valencia histórica y topográfica,1,https://es.wikipedia.org/wiki/Vicente_Boix
http://www.wikidata.org/entity/Q5938198,José Antonio Wilde,1814-01-01T00:00:00Z,1885-01-14T00:00:00Z,Argentina,Buenos Aires desde setenta años atrás,1,https://es.wikipedia.org/wiki/Jos%C3%A9_Antonio_Wilde
http://www.wikidata.org/entity/Q728365,Eugenio de Ochoa,1815-04-19T00:00:00Z,1872-02-29T00:00:00Z,España,La Eneida,1,https://es.wikipedia.org/wiki/Eugenio_de_Ochoa
http://www.wikidata.org/entity/Q5759033,Cayetano Alberto de la Barrera,1815-08-07T00:00:00Z,1872-10-30T00:00:00Z,España,Catálogo bibliográfico y biográfico del teatro antiguo español,1,https://es.wikipedia.org/wiki/Cayetano_Alberto_de_la_Barrera
http://www.wikidata.org/entity/Q18324794,Luis G. Inclán,1816-06-21T00:00:00Z,1875-10-23T00:00:00Z,México,Recuerdos del Chamberín,1,https://es.wikipedia.org/wiki/Luis_G._Incl%C3%A1n
http://www.wikidata.org/entity/Q18324794,Luis G. Inclán,1816-06-21T00:00:00Z,1875-10-23T00:00:00Z,México,"Astucia, el jefe de los Hermanos de la Hoja",1,https://es.wikipedia.org/wiki/Luis_G._Incl%C3%A1n
http://www.wikidata.org/entity/Q6148425,Tomás Baeza González,1816-12-21T00:00:00Z,1891-09-12T00:00:00Z,España,Apuntes biográficos de escritores segovianos,1,https://es.wikipedia.org/wiki/Tom%C3%A1s_Baeza_Gonz%C3%A1lez
http://www.wikidata.org/entity/Q331863,José Zorrilla,1817-02-21T00:00:00Z,1893-01-23T00:00:00Z,España,Don Juan Tenorio,1,https://es.wikipedia.org/wiki/Jos%C3%A9_Zorrilla
http://www.wikidata.org/entity/Q12261791,Ladislao de Velasco,1817-06-26T00:00:00Z,1891-01-23T00:00:00Z,España,Biografía de Juan Sebastián del Cano,1,https://es.wikipedia.org/wiki/Ladislao_de_Velasco
http://www.wikidata.org/entity/Q12261791,Ladislao de Velasco,1817-06-26T00:00:00Z,1891-01-23T00:00:00Z,España,Memorias del Vitoria de antaño,1,https://es.wikipedia.org/wiki/Ladislao_de_Velasco
http://www.wikidata.org/entity/Q3818039,Francisco Navarro Villoslada,1818-10-09T00:00:00Z,1895-08-29T00:00:00Z,España,Amaya o los vascos en el siglo VIII,1,https://es.wikipedia.org/wiki/Francisco_Navarro_Villoslada
http://www.wikidata.org/entity/Q18190933,Jerónimo Borao y Clemente,1821-01-01T00:00:00Z,1878-11-23T00:00:00Z,España,El ajedrez,1,https://es.wikipedia.org/wiki/Jer%C3%B3nimo_Borao_y_Clemente
http://www.wikidata.org/entity/Q17516859,José Sánchez de Neira y Álvarez de Toledo,1823-02-02T00:00:00Z,1898-01-04T00:00:00Z,España,El toreo. Gran diccionario tauromáquico (1879),1,https://es.wikipedia.org/wiki/Jos%C3%A9_S%C3%A1nchez_de_Neira
http://www.wikidata.org/entity/Q17516859,José Sánchez de Neira y Álvarez de Toledo,1823-02-02T00:00:00Z,1898-01-04T00:00:00Z,España,Gran diccionario taurómaco,1,https://es.wikipedia.org/wiki/Jos%C3%A9_S%C3%A1nchez_de_Neira
http://www.wikidata.org/entity/Q1051533,Francisco González Bocanegra,1824-01-08T00:00:00Z,1861-04-11T00:00:00Z,México,Himno Nacional Mexicano,1,https://es.wikipedia.org/wiki/Francisco_Gonz%C3%A1lez_Bocanegra
http://www.wikidata.org/entity/Q3326271,Benito Vicetto,1824-05-21T00:00:00Z,1878-05-28T00:00:00Z,España,Q113328173,1,https://es.wikipedia.org/wiki/Benito_Vicetto
http://www.wikidata.org/entity/Q3326271,Benito Vicetto,1824-05-21T00:00:00Z,1878-05-28T00:00:00Z,España,Historia de Galicia,1,https://es.wikipedia.org/wiki/Benito_Vicetto
http://www.wikidata.org/entity/Q3326271,Benito Vicetto,1824-05-21T00:00:00Z,1878-05-28T00:00:00Z,España,El Clamor de Galicia,1,https://es.wikipedia.org/wiki/Benito_Vicetto
http://www.wikidata.org/entity/Q3326271,Benito Vicetto,1824-05-21T00:00:00Z,1878-05-28T00:00:00Z,España,Diario de La Coruña,1,https://es.wikipedia.org/wiki/Benito_Vicetto
http://www.wikidata.org/entity/Q3326271,Benito Vicetto,1824-05-21T00:00:00Z,1878-05-28T00:00:00Z,España,Revista Galaica,1,https://es.wikipedia.org/wiki/Benito_Vicetto
http://www.wikidata.org/entity/Q713246,Víctor Balaguer,1824-12-11T00:00:00Z,1901-01-14T00:00:00Z,España,Las calles de Barcelona,1,https://es.wikipedia.org/wiki/V%C3%ADctor_Balaguer
http://www.wikidata.org/entity/Q823003,Bernardo Guimarães,1825-08-15T00:00:00Z,1884-03-10T00:00:00Z,Brasil,O Seminarista,1,https://es.wikipedia.org/wiki/Bernardo_Guimar%C3%A3es
http://www.wikidata.org/entity/Q823003,Bernardo Guimarães,1825-08-15T00:00:00Z,1884-03-10T00:00:00Z,Brasil,A Escrava Isaura,1,https://es.wikipedia.org/wiki/Bernardo_Guimar%C3%A3es
http://www.wikidata.org/entity/Q3808593,Joaquín García Icazbalceta,1825-08-21T00:00:00Z,1894-11-26T00:00:00Z,México,Colección de documentos para la historia de México,1,https://es.wikipedia.org/wiki/Joaqu%C3%ADn_Garc%C3%ADa_Icazbalceta
http://www.wikidata.org/entity/Q3808593,Joaquín García Icazbalceta,1825-08-21T00:00:00Z,1894-11-26T00:00:00Z,México,Vocabulario de mexicanismos,1,https://es.wikipedia.org/wiki/Joaqu%C3%ADn_Garc%C3%ADa_Icazbalceta
http://www.wikidata.org/entity/Q5993954,Manuel Ovilo y Otero,1826-01-01T00:00:00Z,1885-01-01T00:00:00Z,España,Manual de biografía y de bibliografía de los escritores españoles del siglo XIX (1859),1,https://es.wikipedia.org/wiki/Manuel_Ovilo_y_Otero
http://www.wikidata.org/entity/Q5699379,Antonio Plaza,1830-06-02T00:00:00Z,1882-08-26T00:00:00Z,México,Album del corazón,1,https://es.wikipedia.org/wiki/Antonio_Plaza_Llamas
http://www.wikidata.org/entity/Q21666081,Daniel Ramón de Arrese y Duque,1831-01-03T00:00:00Z,1891-09-01T00:00:00Z,España,Poesías póstumas de D. Obdulio de Perea,1,https://es.wikipedia.org/wiki/Daniel_Ram%C3%B3n_de_Arrese_y_Duque
http://www.wikidata.org/entity/Q1710543,Juan León Mera,1832-06-28T00:00:00Z,1894-12-13T00:00:00Z,Ecuador,cromo,1,https://es.wikipedia.org/wiki/Juan_Le%C3%B3n_Mera
http://www.wikidata.org/entity/Q54823809,Máximo Fuertes Acevedo,1832-12-09T00:00:00Z,1890-07-01T00:00:00Z,España,Bosquejo acerca del estado que alcanzó en todas épocas la literatura en Asturias,1,https://es.wikipedia.org/wiki/M%C3%A1ximo_Fuertes_Acevedo
http://www.wikidata.org/entity/Q587686,Jacinto Labaila y González,1833-01-01T00:00:00Z,1895-01-01T00:00:00Z,España,Los miserables (1887),1,https://es.wikipedia.org/wiki/Jacinto_Labaila
http://www.wikidata.org/entity/Q55837374,Mario de la Sala Valdés,1833-01-18T00:00:00Z,1909-12-01T00:00:00Z,España,Obelisco Histórico en honor de los heróicos defensores de Zaragoza en sus dos Sitios (1808-1809),1,
http://www.wikidata.org/entity/Q4115628,José María de Pereda,1833-02-06T00:00:00Z,1906-03-01T00:00:00Z,España,Al primer vuelo,1,https://es.wikipedia.org/wiki/Jos%C3%A9_Mar%C3%ADa_de_Pereda
http://www.wikidata.org/entity/Q4115628,José María de Pereda,1833-02-06T00:00:00Z,1906-03-01T00:00:00Z,España,Tipos y paisajes,1,https://es.wikipedia.org/wiki/Jos%C3%A9_Mar%C3%ADa_de_Pereda
http://www.wikidata.org/entity/Q4115628,José María de Pereda,1833-02-06T00:00:00Z,1906-03-01T00:00:00Z,España,El sabor de la tierruca,1,https://es.wikipedia.org/wiki/Jos%C3%A9_Mar%C3%ADa_de_Pereda
http://www.wikidata.org/entity/Q3055400,Manuel Murguía,1833-05-17T00:00:00Z,1923-02-02T00:00:00Z,España,Diccionario de escritores gallegos,1,https://es.wikipedia.org/wiki/Manuel_Murgu%C3%ADa
http://www.wikidata.org/entity/Q3055400,Manuel Murguía,1833-05-17T00:00:00Z,1923-02-02T00:00:00Z,España,Los precursores,1,https://es.wikipedia.org/wiki/Manuel_Murgu%C3%ADa
http://www.wikidata.org/entity/Q559964,Estanislao del Campo,1834-02-07T00:00:00Z,1880-11-06T00:00:00Z,Argentina,Fausto,1,https://es.wikipedia.org/wiki/Estanislao_del_Campo
http://www.wikidata.org/entity/Q5944517,José Parada y Barreto,1834-03-24T00:00:00Z,1886-01-01T00:00:00Z,España,"Diccionario técnico, histórico y biográfico de la música",1,https://es.wikipedia.org/wiki/Jos%C3%A9_Parada_y_Barreto
http://www.wikidata.org/entity/Q377623,José Hernández,1834-11-10T00:00:00Z,1886-10-21T00:00:00Z,Argentina,La vuelta de Martín Fierro,1,https://es.wikipedia.org/wiki/Jos%C3%A9_Hern%C3%A1ndez
http://www.wikidata.org/entity/Q12269074,Xenpelar,1835-01-13T00:00:00Z,1869-12-08T00:00:00Z,España,Q12265573,1,https://es.wikipedia.org/wiki/Xenpelar
http://www.wikidata.org/entity/Q12269074,Xenpelar,1835-01-13T00:00:00Z,1869-12-08T00:00:00Z,España,Q12259680,1,https://es.wikipedia.org/wiki/Xenpelar
http://www.wikidata.org/entity/Q12269074,Xenpelar,1835-01-13T00:00:00Z,1869-12-08T00:00:00Z,España,Q12259332,1,https://es.wikipedia.org/wiki/Xenpelar
http://www.wikidata.org/entity/Q12269074,Xenpelar,1835-01-13T00:00:00Z,1869-12-08T00:00:00Z,España,Q12255099,1,https://es.wikipedia.org/wiki/Xenpelar
http://www.wikidata.org/entity/Q867025,Eduardo Pondal,1835-02-06T00:00:00Z,1917-03-08T00:00:00Z,Kiribati,Queixumes dos pinos,1,https://es.wikipedia.org/wiki/Eduardo_Pondal
http://www.wikidata.org/entity/Q867025,Eduardo Pondal,1835-02-06T00:00:00Z,1917-03-08T00:00:00Z,Kiribati,Q10341947,1,https://es.wikipedia.org/wiki/Eduardo_Pondal
http://www.wikidata.org/entity/Q867025,Eduardo Pondal,1835-02-06T00:00:00Z,1917-03-08T00:00:00Z,Kiribati,Himno de Galicia,1,https://es.wikipedia.org/wiki/Eduardo_Pondal
http://www.wikidata.org/entity/Q20006636,Teodor Mena,1836-01-01T00:00:00Z,1905-10-13T00:00:00Z,España,El Faro de la Montaña,1,
http://www.wikidata.org/entity/Q20006636,Teodor Mena,1836-01-01T00:00:00Z,1905-10-13T00:00:00Z,España,La Aurora Olotense,1,
http://www.wikidata.org/entity/Q3064232,Teodoro Llorente Olivares,1836-01-07T00:00:00Z,1911-07-02T00:00:00Z,España,Q19526927,1,https://es.wikipedia.org/wiki/Teodoro_Llorente_Olivares
http://www.wikidata.org/entity/Q203715,Gustavo Adolfo Bécquer,1836-02-17T00:00:00Z,1870-12-22T00:00:00Z,España,Rimas y leyendas,1,https://es.wikipedia.org/wiki/Gustavo_Adolfo_B%C3%A9cquer
http://www.wikidata.org/entity/Q1703852,Jorge Isaacs,1837-04-01T00:00:00Z,1895-04-17T00:00:00Z,Colombia,María,1,https://es.wikipedia.org/wiki/Jorge_Isaacs
http://www.wikidata.org/entity/Q21400271,Francisco Miralles,1837-10-04T00:00:00Z,2000-01-01T00:00:00Z,Chile,Desde Júpiter,1,https://es.wikipedia.org/wiki/Francisco_Miralles_(escritor)
http://www.wikidata.org/entity/Q3320987,Antonio López Ferreiro,1837-11-09T00:00:00Z,1910-03-20T00:00:00Z,España,Q20535215,1,https://es.wikipedia.org/wiki/Antonio_L%C3%B3pez_Ferreiro
http://www.wikidata.org/entity/Q939903,Enrique Mélida,1838-04-06T00:00:00Z,1892-04-28T00:00:00Z,España,Enfant perdu,1,https://es.wikipedia.org/wiki/Enrique_M%C3%A9lida
http://www.wikidata.org/entity/Q20533033,Luís Aguirre del Río,1839-02-03T00:00:00Z,1866-02-01T00:00:00Z,España,Q130927720,1,
http://www.wikidata.org/entity/Q9015457,José Alcalá Galiano,1839-05-01T00:00:00Z,1919-01-01T00:00:00Z,España,Categoría:Obras de José Alcalá Galiano,1,https://es.wikipedia.org/wiki/Jos%C3%A9_Alcal%C3%A1_Galiano
http://www.wikidata.org/entity/Q2882555,Manuel Ossorio y Bernard,1839-12-06T00:00:00Z,1904-09-14T00:00:00Z,España,Apuntes para un diccionario de escritoras americanas del siglo XIX,1,https://es.wikipedia.org/wiki/Manuel_Ossorio_y_Bernard
http://www.wikidata.org/entity/Q2882555,Manuel Ossorio y Bernard,1839-12-06T00:00:00Z,1904-09-14T00:00:00Z,España,Apuntes para un diccionario de escritoras españolas del siglo XIX,1,https://es.wikipedia.org/wiki/Manuel_Ossorio_y_Bernard
http://www.wikidata.org/entity/Q2882555,Manuel Ossorio y Bernard,1839-12-06T00:00:00Z,1904-09-14T00:00:00Z,España,Ensayo de un catálogo de periodistas españoles del siglo XIX,1,https://es.wikipedia.org/wiki/Manuel_Ossorio_y_Bernard
http://www.wikidata.org/entity/Q2882555,Manuel Ossorio y Bernard,1839-12-06T00:00:00Z,1904-09-14T00:00:00Z,España,Galería biográfica de artistas españoles del siglo XIX,1,https://es.wikipedia.org/wiki/Manuel_Ossorio_y_Bernard
http://www.wikidata.org/entity/Q6065418,Pascual Coña,1840-01-01T00:00:00Z,1927-10-28T00:00:00Z,Chile,Vida y costumbres de los indígenas araucanos en la segunda mitad del siglo XIX,1,https://es.wikipedia.org/wiki/Pascual_Co%C3%B1a
http://www.wikidata.org/entity/Q5950173,Juan José Botero Ruíz,1840-01-13T00:00:00Z,1926-02-09T00:00:00Z,Colombia,Lejos del nido,1,https://es.wikipedia.org/wiki/Juan_Jos%C3%A9_Botero_Ruiz
http://www.wikidata.org/entity/Q2918094,Eugenio Hartzenbusch e Hiriart,1840-05-29T00:00:00Z,1910-03-07T00:00:00Z,España,Apuntes para un catálogo de periódicos madrileños desde el año 1661 al 1870,1,https://es.wikipedia.org/wiki/Eugenio_Hartzenbusch_e_Hiriart
http://www.wikidata.org/entity/Q2918094,Eugenio Hartzenbusch e Hiriart,1840-05-29T00:00:00Z,1910-03-07T00:00:00Z,España,Unos cuantos seudónimos de escritores españoles con sus correspondientes nombres verdaderos (1904),1,https://es.wikipedia.org/wiki/Eugenio_Hartzenbusch_e_Hiriart
http://www.wikidata.org/entity/Q16947480,Emili Vilanova y March,1840-10-15T00:00:00Z,1905-08-15T00:00:00Z,España,Del meu tros,1,https://es.wikipedia.org/wiki/Emili_Vilanova
http://www.wikidata.org/entity/Q124372362,Ricardo López Carrasquilla,1841-02-12T00:00:00Z,1926-03-23T00:00:00Z,Colombia,Sin ella,1,
http://www.wikidata.org/entity/Q2628811,Valentín Almirall,1841-03-08T00:00:00Z,1904-06-20T00:00:00Z,España,El catalanismo,1,https://es.wikipedia.org/wiki/Valent%C3%ADn_Almirall
http://www.wikidata.org/entity/Q942980,Julius Zeyer,1841-04-26T00:00:00Z,1901-01-29T00:00:00Z,Imperio austríaco,Vyšehrad,1,
http://www.wikidata.org/entity/Q942980,Julius Zeyer,1841-04-26T00:00:00Z,1901-01-29T00:00:00Z,Imperio austríaco,Radúz a Mahulena,1,
http://www.wikidata.org/entity/Q942980,Julius Zeyer,1841-04-26T00:00:00Z,1901-01-29T00:00:00Z,Imperio austríaco,Three Legends of the Crucifix,1,
http://www.wikidata.org/entity/Q942980,Julius Zeyer,1841-04-26T00:00:00Z,1901-01-29T00:00:00Z,Imperio austríaco,Jan Maria Plojhar,1,
http://www.wikidata.org/entity/Q23005912,Nicolás Díaz Pérez,1841-12-06T00:00:00Z,1902-06-16T00:00:00Z,España,"Diccionario histórico, biográfico, crítico y bibliográfico de autores, artistas y extremeños ilustres",1,https://es.wikipedia.org/wiki/Nicol%C3%A1s_D%C3%ADaz_y_P%C3%A9rez
http://www.wikidata.org/entity/Q1997461,Enrique Gaspar y Rimbau,1842-03-02T00:00:00Z,1902-09-07T00:00:00Z,España,El Anacronópete,1,https://es.wikipedia.org/wiki/Enrique_Gaspar
http://www.wikidata.org/entity/Q334970,José María de Heredia,1842-11-22T00:00:00Z,1905-10-02T00:00:00Z,Francia,Q106036043,1,https://es.wikipedia.org/wiki/Jos%C3%A9_Mar%C3%ADa_de_Heredia
http://www.wikidata.org/entity/Q6309081,Julio Alarcón y Meléndez,1843-01-01T00:00:00Z,1924-01-01T00:00:00Z,España,Dulcísimo recuerdo de mi vida,1,https://es.wikipedia.org/wiki/Julio_Alarc%C3%B3n_y_Mel%C3%A9ndez
http://www.wikidata.org/entity/Q9025341,Luis Ricardo Fors,1843-01-01T00:00:00Z,1915-01-01T00:00:00Z,Argentina,Indicaciones para una galería biográfica de andaluces ilustres,1,https://es.wikipedia.org/wiki/Luis_Ricardo_Fors
http://www.wikidata.org/entity/Q3755533,Isidro Gil,1843-01-01T00:00:00Z,1917-03-01T00:00:00Z,España,Memorias históricas de Burgos y su provincia,1,https://es.wikipedia.org/wiki/Isidro_Gil
http://www.wikidata.org/entity/Q55837729,Juan Antonio Balbás y Cruz,1843-01-01T00:00:00Z,1903-11-17T00:00:00Z,España,El libro de la provincia de Castellón,1,https://es.wikipedia.org/wiki/Juan_Antonio_Balb%C3%A1s_y_Cruz
http://www.wikidata.org/entity/Q55837729,Juan Antonio Balbás y Cruz,1843-01-01T00:00:00Z,1903-11-17T00:00:00Z,España,Casos y cosas de Castellón,1,https://es.wikipedia.org/wiki/Juan_Antonio_Balb%C3%A1s_y_Cruz
http://www.wikidata.org/entity/Q55837729,Juan Antonio Balbás y Cruz,1843-01-01T00:00:00Z,1903-11-17T00:00:00Z,España,Castellonenses ilustres,1,https://es.wikipedia.org/wiki/Juan_Antonio_Balb%C3%A1s_y_Cruz
http://www.wikidata.org/entity/Q119830703,Pierre Dordé de Baillarguet,1843-01-01T00:00:00Z,1933-01-01T00:00:00Z,Francia,Una gragno de flous del casal de Sant-Caprasi,1,
http://www.wikidata.org/entity/Q5699571,Antonio Rodríguez Villa,1843-01-17T00:00:00Z,1912-05-03T00:00:00Z,España,Etiquetas de la casa de Austria,1,https://es.wikipedia.org/wiki/Antonio_Rodr%C3%ADguez_Villa
http://www.wikidata.org/entity/Q734595,Nataniel Aguirre,1843-10-10T00:00:00Z,1888-09-11T00:00:00Z,Bolivia,Juan de la Rosa,1,https://es.wikipedia.org/wiki/Nataniel_Aguirre
http://www.wikidata.org/entity/Q12392845,Manuel Vázquez Castro,1844-02-01T00:00:00Z,1885-01-05T00:00:00Z,España,Ocios de un peregrino,1,
http://www.wikidata.org/entity/Q9025294,Luis Otero y Pimentel,1844-09-03T00:00:00Z,1920-01-01T00:00:00Z,España,Q10772759,1,https://es.wikipedia.org/wiki/Luis_Otero_Pimentel
http://www.wikidata.org/entity/Q9025294,Luis Otero y Pimentel,1844-09-03T00:00:00Z,1920-01-01T00:00:00Z,España,Semblanzas caballerescas o las nuevas aventuras de Don Quijote de la Mancha,1,https://es.wikipedia.org/wiki/Luis_Otero_Pimentel
http://www.wikidata.org/entity/Q175485,Ángel Guimerá,1845-05-06T00:00:00Z,1924-07-18T00:00:00Z,España,En Pólvora,1,https://es.wikipedia.org/wiki/%C3%81ngel_Guimer%C3%A1
http://www.wikidata.org/entity/Q175485,Ángel Guimerá,1845-05-06T00:00:00Z,1924-07-18T00:00:00Z,España,"Sol, solet...",1,https://es.wikipedia.org/wiki/%C3%81ngel_Guimer%C3%A1
http://www.wikidata.org/entity/Q175485,Ángel Guimerá,1845-05-06T00:00:00Z,1924-07-18T00:00:00Z,España,La hija del mar,1,https://es.wikipedia.org/wiki/%C3%81ngel_Guimer%C3%A1
http://www.wikidata.org/entity/Q175485,Ángel Guimerá,1845-05-06T00:00:00Z,1924-07-18T00:00:00Z,España,Mar y cielo,1,https://es.wikipedia.org/wiki/%C3%81ngel_Guimer%C3%A1
http://www.wikidata.org/entity/Q175485,Ángel Guimerá,1845-05-06T00:00:00Z,1924-07-18T00:00:00Z,España,Tierra baja,1,https://es.wikipedia.org/wiki/%C3%81ngel_Guimer%C3%A1
http://www.wikidata.org/entity/Q175485,Ángel Guimerá,1845-05-06T00:00:00Z,1924-07-18T00:00:00Z,España,María Rosa,1,https://es.wikipedia.org/wiki/%C3%81ngel_Guimer%C3%A1
http://www.wikidata.org/entity/Q379290,Jacinto Verdaguer,1845-05-17T00:00:00Z,1902-06-10T00:00:00Z,España,Canigó,1,https://es.wikipedia.org/wiki/Jacinto_Verdaguer
http://www.wikidata.org/entity/Q379290,Jacinto Verdaguer,1845-05-17T00:00:00Z,1902-06-10T00:00:00Z,España,La Atlántida,1,https://es.wikipedia.org/wiki/Jacinto_Verdaguer
http://www.wikidata.org/entity/Q163285,Juan Antonio Pérez Bonalde,1846-01-30T00:00:00Z,1892-10-04T00:00:00Z,Venezuela,Vuelta a la Patria,1,https://es.wikipedia.org/wiki/Juan_Antonio_P%C3%A9rez-Bonalde
http://www.wikidata.org/entity/Q294181,Conde de Lautréamont,1846-04-04T00:00:00Z,1870-11-24T00:00:00Z,Francia,Q119763037,1,https://es.wikipedia.org/wiki/Conde_de_Lautr%C3%A9amont
http://www.wikidata.org/entity/Q294181,Conde de Lautréamont,1846-04-04T00:00:00Z,1870-11-24T00:00:00Z,Francia,Q15407476,1,https://es.wikipedia.org/wiki/Conde_de_Lautr%C3%A9amont
http://www.wikidata.org/entity/Q294181,Conde de Lautréamont,1846-04-04T00:00:00Z,1870-11-24T00:00:00Z,Francia,los cantos de Maldoror,1,https://es.wikipedia.org/wiki/Conde_de_Lautr%C3%A9amont
http://www.wikidata.org/entity/Q9061631,Pompeyo Gener,1846-06-23T00:00:00Z,1920-11-15T00:00:00Z,España,La muerte y el diablo,1,https://es.wikipedia.org/wiki/Pompeyo_Gener
http://www.wikidata.org/entity/Q999904,Narcís Oller,1846-08-10T00:00:00Z,1930-07-26T00:00:00Z,España,La febre d'or,1,https://es.wikipedia.org/wiki/Narc%C3%ADs_Oller
http://www.wikidata.org/entity/Q999904,Narcís Oller,1846-08-10T00:00:00Z,1930-07-26T00:00:00Z,España,Pilar Prim,1,https://es.wikipedia.org/wiki/Narc%C3%ADs_Oller
http://www.wikidata.org/entity/Q4893825,José Torras y Bages,1846-09-12T00:00:00Z,1916-02-07T00:00:00Z,España,Q29631148,1,https://es.wikipedia.org/wiki/Jos%C3%A9_Torras_y_Bages
http://www.wikidata.org/entity/Q965602,Joaquín Costa,1846-09-14T00:00:00Z,1911-02-08T00:00:00Z,España,Oligarquía y caciquismo,1,https://es.wikipedia.org/wiki/Joaqu%C3%ADn_Costa
http://www.wikidata.org/entity/Q55065297,Luis Salvador de Austria,1847-08-04T00:00:00Z,1915-10-12T00:00:00Z,Cisleitania,Die Balearen in Wort und Bild Geschildert,1,https://es.wikipedia.org/wiki/Luis_Salvador_de_Austria
http://www.wikidata.org/entity/Q5858974,Fermín Canella Secades,1849-07-07T00:00:00Z,1924-03-22T00:00:00Z,España,El libro de Oviedo,1,https://es.wikipedia.org/wiki/Ferm%C3%ADn_Canella
http://www.wikidata.org/entity/Q5993360,Manuel José Caicedo,1850-01-01T00:00:00Z,1937-06-22T00:00:00Z,Colombia,El combate por la fe y por la iglesia : cartas pastorales,1,https://es.wikipedia.org/wiki/Manuel_Jos%C3%A9_Caicedo
http://www.wikidata.org/entity/Q121862739,Felipe Olmedo y Rodríguez,1850-01-01T00:00:00Z,1917-01-01T00:00:00Z,España,"La provincia de Zamora: guía geográfica, histórica y estadística de la misma",1,
http://www.wikidata.org/entity/Q124249790,Estanislao Gómez Barrientos,1850-05-19T00:00:00Z,1931-02-25T00:00:00Z,Colombia,Don Mariano Ospina y su época,1,
http://www.wikidata.org/entity/Q20016242,Emiliano Isaza Gutiérrez,1850-06-08T00:00:00Z,1930-02-17T00:00:00Z,Colombia,Compendio de la gramática práctica de la lengua castellana,1,https://es.wikipedia.org/wiki/Emiliano_Isaza_Guti%C3%A9rrez
http://www.wikidata.org/entity/Q5993642,Manuel Martínez Añíbarro y Rives,1850-09-03T00:00:00Z,1920-08-25T00:00:00Z,España,Intento de un diccionario biográfico y bibliográfico de autores de la provincia de Burgos,1,https://es.wikipedia.org/wiki/Manuel_Mart%C3%ADnez_A%C3%B1%C3%ADbarro_y_Rives
http://www.wikidata.org/entity/Q73288406,Manuel Baraja Fernández,1851-01-01T00:00:00Z,1933-01-01T00:00:00Z,España,http://www.wikidata.org/.well-known/genid/d45a0e4861f2847b7da9c1407fa4745e,1,
http://www.wikidata.org/entity/Q4228309,Luis Coloma,1851-01-09T00:00:00Z,1915-06-10T00:00:00Z,España,Pequeñeces,1,https://es.wikipedia.org/wiki/Luis_Coloma
http://www.wikidata.org/entity/Q457532,Rafael Obligado,1851-01-27T00:00:00Z,1920-03-08T00:00:00Z,Argentina,Santos Vega,1,https://es.wikipedia.org/wiki/Rafael_Obligado
http://www.wikidata.org/entity/Q2242172,Manuel Curros Enríquez,1851-09-15T00:00:00Z,1908-03-07T00:00:00Z,Cuba,O divino sainete,1,https://es.wikipedia.org/wiki/Manuel_Curros_Enr%C3%ADquez
http://www.wikidata.org/entity/Q2242172,Manuel Curros Enríquez,1851-09-15T00:00:00Z,1908-03-07T00:00:00Z,Cuba,Aires de mi tierra,1,https://es.wikipedia.org/wiki/Manuel_Curros_Enr%C3%ADquez
http://www.wikidata.org/entity/Q2242172,Manuel Curros Enríquez,1851-09-15T00:00:00Z,1908-03-07T00:00:00Z,Cuba,A Virxe do Cristal,1,https://es.wikipedia.org/wiki/Manuel_Curros_Enr%C3%ADquez
http://www.wikidata.org/entity/Q34206675,Adolfo Lamarque,1852-01-01T00:00:00Z,1888-01-01T00:00:00Z,Argentina,La leyenda argentina,1,
http://www.wikidata.org/entity/Q312747,"Leopoldo Alas, Clarín",1852-04-25T00:00:00Z,1901-06-13T00:00:00Z,España,Su único hijo,1,"https://es.wikipedia.org/wiki/Leopoldo_Alas,_Clar%C3%ADn"
http://www.wikidata.org/entity/Q312747,"Leopoldo Alas, Clarín",1852-04-25T00:00:00Z,1901-06-13T00:00:00Z,España,La Regenta,1,"https://es.wikipedia.org/wiki/Leopoldo_Alas,_Clar%C3%ADn"
http://www.wikidata.org/entity/Q17274689,Manuel Podestá,1853-01-01T00:00:00Z,1920-01-01T00:00:00Z,Argentina,Irresponsable,1,https://es.wikipedia.org/wiki/Manuel_Podest%C3%A1
http://www.wikidata.org/entity/Q123985139,Camilo Botero Guerra,1853-01-01T00:00:00Z,1942-01-01T00:00:00Z,Colombia,El jubileo de Nuestra Señora de Lourdes,1,
http://www.wikidata.org/entity/Q103285,José Marti,1853-01-28T00:00:00Z,1895-05-19T00:00:00Z,España,Ismaelillo,1,https://es.wikipedia.org/wiki/Jos%C3%A9_Mart%C3%AD
http://www.wikidata.org/entity/Q103285,José Marti,1853-01-28T00:00:00Z,1895-05-19T00:00:00Z,España,Versos sencillos,1,https://es.wikipedia.org/wiki/Jos%C3%A9_Mart%C3%AD
http://www.wikidata.org/entity/Q103285,José Marti,1853-01-28T00:00:00Z,1895-05-19T00:00:00Z,España,Nuestra América,1,https://es.wikipedia.org/wiki/Jos%C3%A9_Mart%C3%AD
http://www.wikidata.org/entity/Q461104,Jaroslav Vrchlický,1853-02-17T00:00:00Z,1912-09-09T00:00:00Z,Reino de Bohemia,Selské ballady,1,https://es.wikipedia.org/wiki/Jaroslav_Vrchlick%C3%BD
http://www.wikidata.org/entity/Q461104,Jaroslav Vrchlický,1853-02-17T00:00:00Z,1912-09-09T00:00:00Z,Reino de Bohemia,Noc na Karlštejně,1,https://es.wikipedia.org/wiki/Jaroslav_Vrchlick%C3%BD
http://www.wikidata.org/entity/Q2858166,Apeles Mestres,1854-10-29T00:00:00Z,1936-07-19T00:00:00Z,España,Liliana,1,https://es.wikipedia.org/wiki/Apeles_Mestres
http://www.wikidata.org/entity/Q11681280,Eduard Toda,1855-01-09T00:00:00Z,1941-04-26T00:00:00Z,España,A través del Egipto,1,https://es.wikipedia.org/wiki/Eduardo_Toda
http://www.wikidata.org/entity/Q19897685,Tomás Mur,1855-01-20T00:00:00Z,1917-01-01T00:00:00Z,España,Monumento a Cristóbal Colón de Ciudad de Guatemala,1,https://es.wikipedia.org/wiki/Tom%C3%A1s_Mur
http://www.wikidata.org/entity/Q5698738,Antonio José Restrepo,1855-03-19T00:00:00Z,1933-03-01T00:00:00Z,Colombia,El cancionero de Antioquia,1,https://es.wikipedia.org/wiki/Antonio_Jos%C3%A9_Restrepo
http://www.wikidata.org/entity/Q3045986,Marco Fidel Suárez,1855-04-23T00:00:00Z,1927-04-03T00:00:00Z,Colombia,Sueños de Luciano Pulgar,1,https://es.wikipedia.org/wiki/Marco_Fidel_Su%C3%A1rez
http://www.wikidata.org/entity/Q55838309,Eduardo de Oliver-Copóns,1855-06-04T00:00:00Z,1934-09-09T00:00:00Z,,El Alcázar de Segovia,1,
http://www.wikidata.org/entity/Q34191968,Victoriano Montes,1855-06-08T00:00:00Z,1917-03-31T00:00:00Z,Uruguay,El tambor de San Martin,1,
http://www.wikidata.org/entity/Q16059270,Manuel Belisario Moreno,1856-01-01T00:00:00Z,1917-01-01T00:00:00Z,Ecuador,Naya o La Chapetona,1,https://es.wikipedia.org/wiki/Manuel_Belisario_Moreno
http://www.wikidata.org/entity/Q4720922,Alexandre de Riquer,1856-05-03T00:00:00Z,1920-11-13T00:00:00Z,España,Salon Pedal,1,https://es.wikipedia.org/wiki/Alexandre_de_Riquer
http://www.wikidata.org/entity/Q16575056,Hilario Peñasco de la Puente,1857-01-01T00:00:00Z,1891-11-12T00:00:00Z,España,Las calles de Madrid,1,https://es.wikipedia.org/wiki/Hilario_Pe%C3%B1asco_de_la_Puente
http://www.wikidata.org/entity/Q11940728,Pedro María Otaño Barriola,1857-01-26T00:00:00Z,1910-05-06T00:00:00Z,España,Q20492659,1,
http://www.wikidata.org/entity/Q6153755,Tulio Ospina,1857-04-04T00:00:00Z,1921-02-17T00:00:00Z,Colombia,Reseña geológica de Antioquia,1,https://es.wikipedia.org/wiki/Tulio_Ospina
http://www.wikidata.org/entity/Q4684243,Adolfo León Gómez,1857-09-19T00:00:00Z,1927-06-09T00:00:00Z,Colombia,Secretos del panóptico,1,https://es.wikipedia.org/wiki/Adolfo_Le%C3%B3n_G%C3%B3mez
http://www.wikidata.org/entity/Q5998919,Mario Méndez Bejarano,1857-12-05T00:00:00Z,1931-01-16T00:00:00Z,España,"Diccionario de escritores, maestros y oradores naturales de Sevilla y su actual provincia",1,https://es.wikipedia.org/wiki/Mario_M%C3%A9ndez_Bejarano
http://www.wikidata.org/entity/Q6097617,Rafael María Carrasquilla,1857-12-18T00:00:00Z,1930-03-18T00:00:00Z,Colombia,"Oración pronunciada en la catedral de Bogotá, al inaugurar el sepulcro del general Antonio Nariño",1,https://es.wikipedia.org/wiki/Rafael_Mar%C3%ADa_Carrasquilla
http://www.wikidata.org/entity/Q5730183,Pedro Pablo Figueroa,1857-12-25T00:00:00Z,1909-01-04T00:00:00Z,Chile,Diccionario biográfico de Chile,1,https://es.wikipedia.org/wiki/Pedro_Pablo_Figueroa
http://www.wikidata.org/entity/Q55838471,Ramón Seoane y Ferrer,1858-01-01T00:00:00Z,1928-01-01T00:00:00Z,España,Navegantes guipuzcoanos,1,https://es.wikipedia.org/wiki/Ram%C3%B3n_Seoane_y_Ferrer
http://www.wikidata.org/entity/Q5819186,Eduardo Escalante Feo,1858-01-01T00:00:00Z,1921-01-01T00:00:00Z,España,Les barraques,1,https://es.wikipedia.org/wiki/Eduardo_Escalante_Feo
http://www.wikidata.org/entity/Q3071317,Tomás Carrasquilla,1858-01-17T00:00:00Z,1940-12-19T00:00:00Z,República de la Nueva Granada,La marquesa de Yolombó,1,https://es.wikipedia.org/wiki/Tom%C3%A1s_Carrasquilla
http://www.wikidata.org/entity/Q5931710,Joaquín Antonio Uribe,1858-09-28T00:00:00Z,1935-11-03T00:00:00Z,Colombia,El niño naturalista,1,https://es.wikipedia.org/wiki/Joaqu%C3%ADn_Antonio_Uribe
http://www.wikidata.org/entity/Q2778481,Alfredo Brañas,1859-01-11T00:00:00Z,1900-02-21T00:00:00Z,España,Q89197993,1,https://es.wikipedia.org/wiki/Alfredo_Bra%C3%B1as
http://www.wikidata.org/entity/Q54862687,Vicente González de Echávarri,1859-04-05T00:00:00Z,1917-10-21T00:00:00Z,España,Alaveses ilustres,1,https://es.wikipedia.org/wiki/Vicente_Gonz%C3%A1lez_de_Ech%C3%A1varri
http://www.wikidata.org/entity/Q54862687,Vicente González de Echávarri,1859-04-05T00:00:00Z,1917-10-21T00:00:00Z,España,Vitoria histórica,1,https://es.wikipedia.org/wiki/Vicente_Gonz%C3%A1lez_de_Ech%C3%A1varri
http://www.wikidata.org/entity/Q21010908,Alberto del Solar,1859-10-02T00:00:00Z,1921-08-09T00:00:00Z,Chile,Contra la marea,1,https://es.wikipedia.org/wiki/Alberto_del_Solar_(militar)
http://www.wikidata.org/entity/Q104764615,Ramón Correa Mejía,1859-11-18T00:00:00Z,1935-10-10T00:00:00Z,Colombia,La convención de Rionegro: páginas históricas de Colombia,1,https://es.wikipedia.org/wiki/Ram%C3%B3n_Correa_Mej%C3%ADa
http://www.wikidata.org/entity/Q2637654,Manuel Gutiérrez Nájera,1859-12-22T00:00:00Z,1895-02-03T00:00:00Z,México,Luz y sombra,1,https://es.wikipedia.org/wiki/Manuel_Guti%C3%A9rrez_N%C3%A1jera
http://www.wikidata.org/entity/Q6752977,Manuel de Jesús Andrade Suárez,1860-04-17T00:00:00Z,1935-01-01T00:00:00Z,Colombia,Ecuadorː Próceres de la independencia. Índice alfabético de sus nombres con algunos bocetos biográficos,1,https://es.wikipedia.org/wiki/Manuel_de_Jes%C3%BAs_Andrade_Su%C3%A1rez
http://www.wikidata.org/entity/Q622861,José María Vargas Vila,1860-07-23T00:00:00Z,1933-05-23T00:00:00Z,Colombia,Anexo:Bibliografía de José María Vargas Vila,1,https://es.wikipedia.org/wiki/Jos%C3%A9_Mar%C3%ADa_Vargas_Vila
http://www.wikidata.org/entity/Q123985159,Martín Restrepo Mejía,1861-01-01T00:00:00Z,1940-01-01T00:00:00Z,Colombia,La niñez colombiana,1,https://es.wikipedia.org/wiki/Mart%C3%ADn_Restrepo_Mej%C3%ADa
http://www.wikidata.org/entity/Q366930,Santiago Rusiñol,1861-02-25T00:00:00Z,1931-06-13T00:00:00Z,España,L'hèroe,1,https://es.wikipedia.org/wiki/Santiago_Rusi%C3%B1ol
http://www.wikidata.org/entity/Q366930,Santiago Rusiñol,1861-02-25T00:00:00Z,1931-06-13T00:00:00Z,España,L'alegria que passa,1,https://es.wikipedia.org/wiki/Santiago_Rusi%C3%B1ol
http://www.wikidata.org/entity/Q366930,Santiago Rusiñol,1861-02-25T00:00:00Z,1931-06-13T00:00:00Z,España,Q17493339,1,https://es.wikipedia.org/wiki/Santiago_Rusi%C3%B1ol
http://www.wikidata.org/entity/Q366930,Santiago Rusiñol,1861-02-25T00:00:00Z,1931-06-13T00:00:00Z,España,La Glorieta (Aranjuez),1,https://es.wikipedia.org/wiki/Santiago_Rusi%C3%B1ol
http://www.wikidata.org/entity/Q366930,Santiago Rusiñol,1861-02-25T00:00:00Z,1931-06-13T00:00:00Z,España,Cour d'orangers,1,https://es.wikipedia.org/wiki/Santiago_Rusi%C3%B1ol
http://www.wikidata.org/entity/Q366930,Santiago Rusiñol,1861-02-25T00:00:00Z,1931-06-13T00:00:00Z,España,L'auca del senyor Esteve,1,https://es.wikipedia.org/wiki/Santiago_Rusi%C3%B1ol
http://www.wikidata.org/entity/Q124372079,Jesús María Londoño Martínez,1861-08-19T00:00:00Z,1937-08-25T00:00:00Z,Colombia,Lecciones prácticas de ortología y ortografía castellanas,1,
http://www.wikidata.org/entity/Q18193710,Félix Gila y Fidalgo,1862-01-01T00:00:00Z,1912-03-07T00:00:00Z,España,Guía y plano de Segovia,1,https://es.wikipedia.org/wiki/F%C3%A9lix_Gila_y_Fidalgo
http://www.wikidata.org/entity/Q597732,Antoni Maria Alcover,1862-02-02T00:00:00Z,1932-01-08T00:00:00Z,España,Aplec de Rondalles Mallorquines d'en Jordi des Racó,1,https://es.wikipedia.org/wiki/Antoni_Maria_Alcover
http://www.wikidata.org/entity/Q597732,Antoni Maria Alcover,1862-02-02T00:00:00Z,1932-01-08T00:00:00Z,España,Diccionari català-valencià-balear,1,https://es.wikipedia.org/wiki/Antoni_Maria_Alcover
http://www.wikidata.org/entity/Q2450746,Joaquín Dicenta,1862-02-03T00:00:00Z,1917-02-21T00:00:00Z,España,Juan José,1,https://es.wikipedia.org/wiki/Joaqu%C3%ADn_Dicenta
http://www.wikidata.org/entity/Q425621,Salvador Viniegra,1862-11-23T00:00:00Z,1915-04-28T00:00:00Z,España,Domenico Theotocopuli llamado El Greco,1,https://es.wikipedia.org/wiki/Salvador_Viniegra
http://www.wikidata.org/entity/Q1891664,Manuel Prado,1863-01-01T00:00:00Z,1932-01-01T00:00:00Z,Argentina,Conquista de la Pampa,1,https://es.wikipedia.org/wiki/Manuel_Prado
http://www.wikidata.org/entity/Q30610646,José María Rivas Groot,1863-04-18T00:00:00Z,1923-10-26T00:00:00Z,Colombia,Cuentos,1,https://es.wikipedia.org/wiki/Jos%C3%A9_Mar%C3%ADa_Rivas_Groot
http://www.wikidata.org/entity/Q5696902,Julio Cejador y Frauca,1864-01-07T00:00:00Z,1927-01-01T00:00:00Z,España,Historia de la lengua y literatura castellana,1,https://es.wikipedia.org/wiki/Julio_Cejador_y_Frauca
http://www.wikidata.org/entity/Q3068808,Txomin Agirre,1864-05-06T00:00:00Z,1920-01-14T00:00:00Z,España,Kresala,1,https://es.wikipedia.org/wiki/Domingo_Aguirre
http://www.wikidata.org/entity/Q3068808,Txomin Agirre,1864-05-06T00:00:00Z,1920-01-14T00:00:00Z,España,Garoa,1,https://es.wikipedia.org/wiki/Domingo_Aguirre
http://www.wikidata.org/entity/Q3396889,Eladio Rodríguez,1864-07-27T00:00:00Z,1949-04-14T00:00:00Z,España,Q12387065,1,https://es.wikipedia.org/wiki/Eladio_Rodr%C3%ADguez
http://www.wikidata.org/entity/Q185085,Miguel de Unamuno,1864-09-29T00:00:00Z,1936-12-31T00:00:00Z,España,Del sentimiento trágico de la vida,1,https://es.wikipedia.org/wiki/Miguel_de_Unamuno
http://www.wikidata.org/entity/Q185085,Miguel de Unamuno,1864-09-29T00:00:00Z,1936-12-31T00:00:00Z,España,Niebla,1,https://es.wikipedia.org/wiki/Miguel_de_Unamuno
http://www.wikidata.org/entity/Q34194537,Antonio Dellepiane,1864-10-29T00:00:00Z,1939-07-22T00:00:00Z,Argentina,El idioma del delito,1,https://es.wikipedia.org/wiki/Antonio_Dellepiane
http://www.wikidata.org/entity/Q24236919,Francisco Blanco García,1864-12-03T00:00:00Z,1903-11-30T00:00:00Z,España,La literatura española en el siglo XIX,1,https://es.wikipedia.org/wiki/Francisco_Blanco_Garc%C3%ADa
http://www.wikidata.org/entity/Q27105794,Tomás O. Eastman,1865-10-06T00:00:00Z,1931-04-23T00:00:00Z,Colombia,"Acentos de intensidad, de altura y de duración",1,https://es.wikipedia.org/wiki/Tom%C3%A1s_O._Eastman
http://www.wikidata.org/entity/Q124343280,Pablo Emilio Gutiérrez Vélez,1865-10-16T00:00:00Z,1920-09-11T00:00:00Z,Colombia,Manolo,1,
http://www.wikidata.org/entity/Q706889,Ángel Ganivet,1865-12-13T00:00:00Z,1898-11-29T00:00:00Z,España,Idearium español,1,https://es.wikipedia.org/wiki/%C3%81ngel_Ganivet
http://www.wikidata.org/entity/Q706889,Ángel Ganivet,1865-12-13T00:00:00Z,1898-11-29T00:00:00Z,España,Los trabajos del infatigable creador Pío Cid,1,https://es.wikipedia.org/wiki/%C3%81ngel_Ganivet
http://www.wikidata.org/entity/Q1709715,José de Diego,1866-04-16T00:00:00Z,1918-07-16T00:00:00Z,España,Independencia de Puerto Rico,1,https://es.wikipedia.org/wiki/Jos%C3%A9_de_Diego
http://www.wikidata.org/entity/Q1042706,Carlos Arniches,1866-10-11T00:00:00Z,1943-04-16T00:00:00Z,España,El Padre Pitillo,1,https://es.wikipedia.org/wiki/Carlos_Arniches
http://www.wikidata.org/entity/Q34205090,José María Miró,1867-01-01T00:00:00Z,1896-01-01T00:00:00Z,Argentina,La bolsa,1,https://es.wikipedia.org/wiki/Jos%C3%A9_Mar%C3%ADa_Mir%C3%B3
http://www.wikidata.org/entity/Q5982956,Luis Bulffi de Quintana,1867-01-01T00:00:00Z,1910-01-01T00:00:00Z,España,¡Huelga de vientres! Medios prácticos para evitar las familias numerosas,1,https://es.wikipedia.org/wiki/Luis_Bulffi_de_Quintana
http://www.wikidata.org/entity/Q173767,Rubén Darío,1867-01-18T00:00:00Z,1916-02-06T00:00:00Z,Nicaragua,Prosas profanas y otros poemas,1,https://es.wikipedia.org/wiki/Rub%C3%A9n_Dar%C3%ADo
http://www.wikidata.org/entity/Q173767,Rubén Darío,1867-01-18T00:00:00Z,1916-02-06T00:00:00Z,Nicaragua,Cantos de vida y esperanza,1,https://es.wikipedia.org/wiki/Rub%C3%A9n_Dar%C3%ADo
http://www.wikidata.org/entity/Q173767,Rubén Darío,1867-01-18T00:00:00Z,1916-02-06T00:00:00Z,Nicaragua,Azul...,1,https://es.wikipedia.org/wiki/Rub%C3%A9n_Dar%C3%ADo
http://www.wikidata.org/entity/Q3322361,Prudenci Bertrana,1867-01-19T00:00:00Z,1941-11-21T00:00:00Z,España,Josafat,1,https://es.wikipedia.org/wiki/Prudenci_Bertrana
http://www.wikidata.org/entity/Q219646,Vicente Blasco Ibáñez,1867-01-29T00:00:00Z,1928-01-28T00:00:00Z,España,Los cuatro jinetes del Apocalipsis,1,https://es.wikipedia.org/wiki/Vicente_Blasco_Ib%C3%A1%C3%B1ez
http://www.wikidata.org/entity/Q219646,Vicente Blasco Ibáñez,1867-01-29T00:00:00Z,1928-01-28T00:00:00Z,España,Cañas y barro,1,https://es.wikipedia.org/wiki/Vicente_Blasco_Ib%C3%A1%C3%B1ez
http://www.wikidata.org/entity/Q219646,Vicente Blasco Ibáñez,1867-01-29T00:00:00Z,1928-01-28T00:00:00Z,España,Sangre y arena,1,https://es.wikipedia.org/wiki/Vicente_Blasco_Ib%C3%A1%C3%B1ez
http://www.wikidata.org/entity/Q219646,Vicente Blasco Ibáñez,1867-01-29T00:00:00Z,1928-01-28T00:00:00Z,España,La flor de mayo,1,https://es.wikipedia.org/wiki/Vicente_Blasco_Ib%C3%A1%C3%B1ez
http://www.wikidata.org/entity/Q219646,Vicente Blasco Ibáñez,1867-01-29T00:00:00Z,1928-01-28T00:00:00Z,España,Entre naranjos,1,https://es.wikipedia.org/wiki/Vicente_Blasco_Ib%C3%A1%C3%B1ez
http://www.wikidata.org/entity/Q219646,Vicente Blasco Ibáñez,1867-01-29T00:00:00Z,1928-01-28T00:00:00Z,España,La barraca,1,https://es.wikipedia.org/wiki/Vicente_Blasco_Ib%C3%A1%C3%B1ez
http://www.wikidata.org/entity/Q26791528,Luis María Mora,1867-03-28T00:00:00Z,1936-10-04T00:00:00Z,Colombia,Los maestros de principios del siglo,1,https://es.wikipedia.org/wiki/Luis_Mar%C3%ADa_Mora
http://www.wikidata.org/entity/Q5347197,Efe Gómez,1867-05-09T00:00:00Z,1938-10-25T00:00:00Z,Colombia,En las minas,1,https://es.wikipedia.org/wiki/Efe_G%C3%B3mez
http://www.wikidata.org/entity/Q314498,Konstantín Balmont,1867-06-15T00:00:00Z,1942-12-23T00:00:00Z,Imperio ruso,Burning Buildings,1,https://es.wikipedia.org/wiki/Konstant%C3%ADn_Balmont
http://www.wikidata.org/entity/Q314498,Konstantín Balmont,1867-06-15T00:00:00Z,1942-12-23T00:00:00Z,Imperio ruso,Let Us Be Like the Sun,1,https://es.wikipedia.org/wiki/Konstant%C3%ADn_Balmont
http://www.wikidata.org/entity/Q2939346,Carlos Eugenio Restrepo,1867-09-12T00:00:00Z,1937-07-06T00:00:00Z,Colombia,Responsabilidad colectiva,1,https://es.wikipedia.org/wiki/Carlos_Eugenio_Restrepo
http://www.wikidata.org/entity/Q60826926,Benito Mariano Andrade,1868-01-01T00:00:00Z,1934-01-01T00:00:00Z,España,Carácter y vida íntima de los principales pelotaris,1,https://es.wikipedia.org/wiki/Benito_Mariano_Andrade
http://www.wikidata.org/entity/Q32193068,Mariano Sáez y Romero,1868-01-01T00:00:00Z,1939-01-01T00:00:00Z,España,Periodismo segoviano,1,https://es.wikipedia.org/wiki/Mariano_S%C3%A1ez_y_Romero
http://www.wikidata.org/entity/Q32193068,Mariano Sáez y Romero,1868-01-01T00:00:00Z,1939-01-01T00:00:00Z,España,Las calles de Segovia,1,https://es.wikipedia.org/wiki/Mariano_S%C3%A1ez_y_Romero
http://www.wikidata.org/entity/Q5984014,Luis Montestruc Rubio,1868-01-01T00:00:00Z,1897-01-01T00:00:00Z,España,Heraldo de Aragón,1,https://es.wikipedia.org/wiki/Luis_Montestruc_Rubio
http://www.wikidata.org/entity/Q123985154,Luis Latorre Mendoza,1868-01-01T00:00:00Z,1940-01-01T00:00:00Z,Colombia,Historia e historias de Medellín siglos XVII-XIX,1,
http://www.wikidata.org/entity/Q379785,Pompeu Fabra,1868-02-20T00:00:00Z,1948-12-25T00:00:00Z,España,Normes ortogràfiques,1,https://es.wikipedia.org/wiki/Pompeu_Fabra
http://www.wikidata.org/entity/Q379785,Pompeu Fabra,1868-02-20T00:00:00Z,1948-12-25T00:00:00Z,España,Diccionario General de la Lengua Catalana,1,https://es.wikipedia.org/wiki/Pompeu_Fabra
http://www.wikidata.org/entity/Q124364476,Gabriel Latorre Jaramillo,1868-03-18T00:00:00Z,1935-02-23T00:00:00Z,Colombia,Francisco Javier Cisneros y el Ferrocarril de Antioquia,1,
http://www.wikidata.org/entity/Q5982620,Luis A. Martínez,1869-06-23T00:00:00Z,1909-11-26T00:00:00Z,Ecuador,A la costa,1,https://es.wikipedia.org/wiki/Luis_Alfredo_Mart%C3%ADnez
http://www.wikidata.org/entity/Q1619108,Alejandro Pérez Lugín,1870-02-22T00:00:00Z,1926-09-05T00:00:00Z,España,La casa de la Troya,1,https://es.wikipedia.org/wiki/Alejandro_P%C3%A9rez_Lug%C3%ADn
http://www.wikidata.org/entity/Q25273152,Manuel Chaves Rey,1870-08-31T00:00:00Z,1914-11-07T00:00:00Z,España,Historia y bibliografía de la prensa sevillana,1,https://es.wikipedia.org/wiki/Manuel_Chaves_Rey
http://www.wikidata.org/entity/Q25273152,Manuel Chaves Rey,1870-08-31T00:00:00Z,1914-11-07T00:00:00Z,España,Historia y bibliografía de la prensa sevillana (1896),1,https://es.wikipedia.org/wiki/Manuel_Chaves_Rey
http://www.wikidata.org/entity/Q124357427,Antonio de J. Duque,1871-06-01T00:00:00Z,1938-04-01T00:00:00Z,Colombia,Principios sociológicos y principios científicos (iniciación),1,
http://www.wikidata.org/entity/Q734054,José Enrique Rodó,1871-07-15T00:00:00Z,1917-05-01T00:00:00Z,Uruguay,Ariel,1,https://es.wikipedia.org/wiki/Jos%C3%A9_Enrique_Rod%C3%B3
http://www.wikidata.org/entity/Q6146375,Tiberio de Jesús Salazar y Herrera,1871-07-27T00:00:00Z,1942-03-04T00:00:00Z,Colombia,Letras pastorales,1,https://es.wikipedia.org/wiki/Tiberio_de_Jes%C3%BAs_Salazar_y_Herrera
http://www.wikidata.org/entity/Q20014324,Francisco Cuenca Benet,1872-06-28T00:00:00Z,1943-07-07T00:00:00Z,España,Museo de pintores y escultores andaluces contemporáneos,1,https://es.wikipedia.org/wiki/Francisco_Cuenca_Benet
http://www.wikidata.org/entity/Q20014324,Francisco Cuenca Benet,1872-06-28T00:00:00Z,1943-07-07T00:00:00Z,España,Biblioteca de autores andaluces modernos y contemporáneos,1,https://es.wikipedia.org/wiki/Francisco_Cuenca_Benet
http://www.wikidata.org/entity/Q20014324,Francisco Cuenca Benet,1872-06-28T00:00:00Z,1943-07-07T00:00:00Z,España,Galería de músicos andaluces contemporáneos,1,https://es.wikipedia.org/wiki/Francisco_Cuenca_Benet
http://www.wikidata.org/entity/Q192207,Sri Aurobindo,1872-08-15T00:00:00Z,1950-12-05T00:00:00Z,India,The Mother With Letters on the Mother,1,https://es.wikipedia.org/wiki/Sri_Aurobindo
http://www.wikidata.org/entity/Q192207,Sri Aurobindo,1872-08-15T00:00:00Z,1950-12-05T00:00:00Z,Raj británico,The Synthesis of Yoga,1,https://es.wikipedia.org/wiki/Sri_Aurobindo
http://www.wikidata.org/entity/Q192207,Sri Aurobindo,1872-08-15T00:00:00Z,1950-12-05T00:00:00Z,Raj británico,Isha Upanishad,1,https://es.wikipedia.org/wiki/Sri_Aurobindo
http://www.wikidata.org/entity/Q192207,Sri Aurobindo,1872-08-15T00:00:00Z,1950-12-05T00:00:00Z,Raj británico,The Life Divine,1,https://es.wikipedia.org/wiki/Sri_Aurobindo
http://www.wikidata.org/entity/Q192207,Sri Aurobindo,1872-08-15T00:00:00Z,1950-12-05T00:00:00Z,Raj británico,Savitri: una leyenda y un símbolo,1,https://es.wikipedia.org/wiki/Sri_Aurobindo
http://www.wikidata.org/entity/Q192207,Sri Aurobindo,1872-08-15T00:00:00Z,1950-12-05T00:00:00Z,Raj británico,Essays on the Gita,1,https://es.wikipedia.org/wiki/Sri_Aurobindo
http://www.wikidata.org/entity/Q192207,Sri Aurobindo,1872-08-15T00:00:00Z,1950-12-05T00:00:00Z,Raj británico,The Secret of the Veda,1,https://es.wikipedia.org/wiki/Sri_Aurobindo
http://www.wikidata.org/entity/Q355676,Mariano Azuela,1873-01-01T00:00:00Z,1952-03-01T00:00:00Z,México,Los de abajo,1,https://es.wikipedia.org/wiki/Mariano_Azuela
http://www.wikidata.org/entity/Q5379720,Enrique Gómez Carrillo,1873-02-27T00:00:00Z,1927-11-29T00:00:00Z,Guatemala,"Del amor, del dolor y del vicio",1,https://es.wikipedia.org/wiki/Enrique_G%C3%B3mez_Carrillo
http://www.wikidata.org/entity/Q12388984,Francisco Álvarez de Nóvoa,1873-06-11T00:00:00Z,1936-06-13T00:00:00Z,España,Q20544715,1,https://es.wikipedia.org/wiki/Francisco_%C3%81lvarez_de_N%C3%B3voa
http://www.wikidata.org/entity/Q3702629,Dario Niccodemi,1874-01-27T00:00:00Z,1934-09-24T00:00:00Z,Reino de Italia,Q57078769,1,
http://www.wikidata.org/entity/Q1340223,Ramiro de Maeztu,1874-05-04T00:00:00Z,1936-10-29T00:00:00Z,España,Hacia otra España,1,https://es.wikipedia.org/wiki/Ramiro_de_Maeztu
http://www.wikidata.org/entity/Q188875,Leopoldo Lugones,1874-06-13T00:00:00Z,1938-02-18T00:00:00Z,Argentina,La guerra gaucha,1,https://es.wikipedia.org/wiki/Leopoldo_Lugones
http://www.wikidata.org/entity/Q188875,Leopoldo Lugones,1874-06-13T00:00:00Z,1938-02-18T00:00:00Z,Argentina,Las fuerzas extrañas,1,https://es.wikipedia.org/wiki/Leopoldo_Lugones
http://www.wikidata.org/entity/Q577495,Manuel Machado,1874-08-29T00:00:00Z,1947-01-19T00:00:00Z,México,Alma. Museo. Los cantares.,1,https://es.wikipedia.org/wiki/Manuel_Machado
http://www.wikidata.org/entity/Q3025901,Francisco Antonio Encina,1874-09-10T00:00:00Z,1965-08-23T00:00:00Z,Chile,Resumen de la Historia de Chile (Encina-Castedo),1,https://es.wikipedia.org/wiki/Francisco_Antonio_Encina
http://www.wikidata.org/entity/Q3025901,Francisco Antonio Encina,1874-09-10T00:00:00Z,1965-08-23T00:00:00Z,Chile,Historia de Chile desde la Prehistoria hasta 1891,1,https://es.wikipedia.org/wiki/Francisco_Antonio_Encina
http://www.wikidata.org/entity/Q5662998,Alberto Edwards Vives,1874-11-25T00:00:00Z,1932-04-03T00:00:00Z,Chile,La fronda aristocrática en Chile,1,https://es.wikipedia.org/wiki/Alberto_Edwards_Vives
http://www.wikidata.org/entity/Q348718,Esteban Lucas Bridges,1874-12-31T00:00:00Z,1949-04-04T00:00:00Z,Argentina,El último confín de la tierra,1,https://es.wikipedia.org/wiki/Esteban_Lucas_Bridges
http://www.wikidata.org/entity/Q17319029,José Navarro Cabanes,1875-01-01T00:00:00Z,1929-01-01T00:00:00Z,España,Apuntes bibliográficos de la prensa carlista,1,https://es.wikipedia.org/wiki/Jos%C3%A9_Navarro_Cabanes
http://www.wikidata.org/entity/Q1429421,Florencio Sánchez,1875-01-17T00:00:00Z,1910-11-07T00:00:00Z,Uruguay,Canillita,1,https://es.wikipedia.org/wiki/Florencio_S%C3%A1nchez
http://www.wikidata.org/entity/Q1429421,Florencio Sánchez,1875-01-17T00:00:00Z,1910-11-07T00:00:00Z,Uruguay,En familia,1,https://es.wikipedia.org/wiki/Florencio_S%C3%A1nchez
http://www.wikidata.org/entity/Q1429421,Florencio Sánchez,1875-01-17T00:00:00Z,1910-11-07T00:00:00Z,Uruguay,La gente honesta,1,https://es.wikipedia.org/wiki/Florencio_S%C3%A1nchez
http://www.wikidata.org/entity/Q1429421,Florencio Sánchez,1875-01-17T00:00:00Z,1910-11-07T00:00:00Z,Uruguay,M'hijo el dotor,1,https://es.wikipedia.org/wiki/Florencio_S%C3%A1nchez
http://www.wikidata.org/entity/Q243771,Antonio Machado,1875-07-26T00:00:00Z,1939-02-22T00:00:00Z,España,Soledades. Galerías. Otros poemas,1,https://es.wikipedia.org/wiki/Antonio_Machado
http://www.wikidata.org/entity/Q243771,Antonio Machado,1875-07-26T00:00:00Z,1939-02-22T00:00:00Z,España,"Juan de Mairena (sentencias, donaires, apuntes y recuerdos de un profesor apócrifo)",1,https://es.wikipedia.org/wiki/Antonio_Machado
http://www.wikidata.org/entity/Q243771,Antonio Machado,1875-07-26T00:00:00Z,1939-02-22T00:00:00Z,España,Campos de Castilla,1,https://es.wikipedia.org/wiki/Antonio_Machado
http://www.wikidata.org/entity/Q124371675,Víctor Manuel Londoño,1876-01-01T00:00:00Z,1936-01-01T00:00:00Z,Colombia,Obra literaria: verso y prosa,1,
http://www.wikidata.org/entity/Q602214,Ramón Cabanillas,1876-06-03T00:00:00Z,1959-11-09T00:00:00Z,España,Q24013654,1,https://es.wikipedia.org/wiki/Ram%C3%B3n_Cabanillas
http://www.wikidata.org/entity/Q602214,Ramón Cabanillas,1876-06-03T00:00:00Z,1959-11-09T00:00:00Z,España,Q20535909,1,https://es.wikipedia.org/wiki/Ram%C3%B3n_Cabanillas
http://www.wikidata.org/entity/Q602214,Ramón Cabanillas,1876-06-03T00:00:00Z,1959-11-09T00:00:00Z,España,Q20534135,1,https://es.wikipedia.org/wiki/Ram%C3%B3n_Cabanillas
http://www.wikidata.org/entity/Q602214,Ramón Cabanillas,1876-06-03T00:00:00Z,1959-11-09T00:00:00Z,España,Q12395220,1,https://es.wikipedia.org/wiki/Ram%C3%B3n_Cabanillas
http://www.wikidata.org/entity/Q602214,Ramón Cabanillas,1876-06-03T00:00:00Z,1959-11-09T00:00:00Z,España,Q12393815,1,https://es.wikipedia.org/wiki/Ram%C3%B3n_Cabanillas
http://www.wikidata.org/entity/Q2994838,Constancio C. Vigil,1876-09-04T00:00:00Z,1954-09-24T00:00:00Z,Uruguay,Para Ti,1,https://es.wikipedia.org/wiki/Constancio_C._Vigil
http://www.wikidata.org/entity/Q2994838,Constancio C. Vigil,1876-09-04T00:00:00Z,1954-09-24T00:00:00Z,Uruguay,Billiken,1,https://es.wikipedia.org/wiki/Constancio_C._Vigil
http://www.wikidata.org/entity/Q2994838,Constancio C. Vigil,1876-09-04T00:00:00Z,1954-09-24T00:00:00Z,Uruguay,El Gráfico,1,https://es.wikipedia.org/wiki/Constancio_C._Vigil
http://www.wikidata.org/entity/Q124360957,Tobías Jiménez Suárez,1876-09-15T00:00:00Z,1931-06-02T00:00:00Z,Colombia,Rafael Uribe Uribe,1,
http://www.wikidata.org/entity/Q216582,Filippo Tommaso Marinetti,1876-12-22T00:00:00Z,1944-12-02T00:00:00Z,Reino de Italia,Q57081280,1,https://es.wikipedia.org/wiki/Filippo_Tommaso_Marinetti
http://www.wikidata.org/entity/Q124356559,Federico Carlos Henao,1877-01-01T00:00:00Z,1932-01-01T00:00:00Z,Colombia,Sofisma,1,
http://www.wikidata.org/entity/Q5792723,Críspulo Moro Cabeza,1878-01-01T00:00:00Z,1935-03-08T00:00:00Z,España,Edificio Críspulo Moro,1,https://es.wikipedia.org/wiki/Cr%C3%ADspulo_Moro_Cabeza
http://www.wikidata.org/entity/Q5792723,Críspulo Moro Cabeza,1878-01-01T00:00:00Z,1935-03-08T00:00:00Z,España,Cine Doré,1,https://es.wikipedia.org/wiki/Cr%C3%ADspulo_Moro_Cabeza
http://www.wikidata.org/entity/Q18542576,Guzmán Papini y Zas,1878-01-22T00:00:00Z,1961-01-01T00:00:00Z,Uruguay,La novia muerta,1,https://es.wikipedia.org/wiki/Guzm%C3%A1n_Papini_y_Zas
http://www.wikidata.org/entity/Q8193572,Alberto Nin Frías,1878-11-09T00:00:00Z,1937-03-27T00:00:00Z,Uruguay,La fuente envenenada,1,https://es.wikipedia.org/wiki/Alberto_Nin_Fr%C3%ADas
http://www.wikidata.org/entity/Q123582892,Rodolfo Arriaga Garcés,1879-01-01T00:00:00Z,1924-01-01T00:00:00Z,Colombia,El San Juan,1,
http://www.wikidata.org/entity/Q59530315,Jorge Enciso,1879-01-03T00:00:00Z,1969-01-01T00:00:00Z,México,Bandera de México,1,
http://www.wikidata.org/entity/Q2905092,Biofilo Panclasta,1879-10-26T00:00:00Z,1942-03-01T00:00:00Z,Colombia,"Mis prisiones, mis destierros y mi vida",1,https://es.wikipedia.org/wiki/Bi%C3%B3filo_Panclasta
http://www.wikidata.org/entity/Q104812770,Aquilino Villegas Hoyos,1880-01-01T00:00:00Z,1940-01-01T00:00:00Z,Colombia,Porque soy conservador,1,https://es.wikipedia.org/wiki/Aquilino_Villegas_Hoyos
http://www.wikidata.org/entity/Q55652579,Miguel de Toro y Gisbert,1880-01-01T00:00:00Z,1966-01-01T00:00:00Z,,Q110210913,1,
http://www.wikidata.org/entity/Q3081769,Francis de Miomandre,1880-05-22T00:00:00Z,1959-08-01T00:00:00Z,Francia,Q2407282,1,https://es.wikipedia.org/wiki/Francis_de_Miomandre
http://www.wikidata.org/entity/Q65393760,José Pardo Asso,1880-08-07T00:00:00Z,1957-08-28T00:00:00Z,España,Nuevo diccionario etimológico aragonés,1,
http://www.wikidata.org/entity/Q893297,Rafael Masó i Valentí,1880-08-16T00:00:00Z,1935-07-13T00:00:00Z,España,Farinera Teixidor,1,https://es.wikipedia.org/wiki/Rafael_Mas%C3%B3
http://www.wikidata.org/entity/Q123514291,Francisco A. Paillié Arenas,1881-01-01T00:00:00Z,1930-01-01T00:00:00Z,Colombia,Huellas del alma,1,
http://www.wikidata.org/entity/Q5515409,Gabino Coria Peñaloza,1881-02-19T00:00:00Z,1975-10-31T00:00:00Z,Argentina,Caminito,1,https://es.wikipedia.org/wiki/Gabino_Coria_Pe%C3%B1aloza
http://www.wikidata.org/entity/Q5850539,Eugenio Merino,1881-03-26T00:00:00Z,1953-04-08T00:00:00Z,España,Regionalismo Castellano-Leonés,1,https://es.wikipedia.org/wiki/Eugenio_Merino
http://www.wikidata.org/entity/Q135640,Valery Larbaud,1881-08-29T00:00:00Z,1957-02-02T00:00:00Z,Francia,Fermina Márquez,1,https://es.wikipedia.org/wiki/Valery_Larbaud
http://www.wikidata.org/entity/Q57442,Victor Klemperer,1881-10-09T00:00:00Z,1960-02-11T00:00:00Z,Polonia,The diaries of Victor Klemperer,1,https://es.wikipedia.org/wiki/Victor_Klemperer
http://www.wikidata.org/entity/Q57442,Victor Klemperer,1881-10-09T00:00:00Z,1960-02-11T00:00:00Z,República Democrática Alemana,LTI. La lengua del Tercer Reich,1,https://es.wikipedia.org/wiki/Victor_Klemperer
http://www.wikidata.org/entity/Q78491,Stefan Zweig,1881-11-28T00:00:00Z,1942-02-22T00:00:00Z,Imperio austrohúngaro,Novela de ajedrez,1,https://es.wikipedia.org/wiki/Stefan_Zweig
http://www.wikidata.org/entity/Q78491,Stefan Zweig,1881-11-28T00:00:00Z,1942-02-22T00:00:00Z,Imperio austrohúngaro,La piedad peligrosa,1,https://es.wikipedia.org/wiki/Stefan_Zweig
http://www.wikidata.org/entity/Q78491,Stefan Zweig,1881-11-28T00:00:00Z,1942-02-22T00:00:00Z,Imperio austrohúngaro,El mundo de ayer,1,https://es.wikipedia.org/wiki/Stefan_Zweig
http://www.wikidata.org/entity/Q78491,Stefan Zweig,1881-11-28T00:00:00Z,1942-02-22T00:00:00Z,Imperio austrohúngaro,Carta de una desconocida,1,https://es.wikipedia.org/wiki/Stefan_Zweig
http://www.wikidata.org/entity/Q78491,Stefan Zweig,1881-11-28T00:00:00Z,1942-02-22T00:00:00Z,Imperio austrohúngaro,La embriaguez de la metamorfosis,1,https://es.wikipedia.org/wiki/Stefan_Zweig
http://www.wikidata.org/entity/Q9012032,Joan Puig,1882-02-05T00:00:00Z,1956-02-02T00:00:00Z,España,The magic circle,1,https://es.wikipedia.org/wiki/Joan_Puig_i_Ferreter
http://www.wikidata.org/entity/Q9012032,Joan Puig,1882-02-05T00:00:00Z,1956-02-02T00:00:00Z,España,Aguas encantadas,1,https://es.wikipedia.org/wiki/Joan_Puig_i_Ferreter
http://www.wikidata.org/entity/Q47462791,Adrián de Loyarte,1882-03-05T00:00:00Z,1962-10-29T00:00:00Z,España,Q54152507,1,https://es.wikipedia.org/wiki/Adri%C3%A1n_de_Loyarte
http://www.wikidata.org/entity/Q9066497,Ramón Rey Baltar,1882-04-05T00:00:00Z,1969-07-03T00:00:00Z,España,Q124985320,1,https://es.wikipedia.org/wiki/Ram%C3%B3n_Rey_Baltar
http://www.wikidata.org/entity/Q458186,Alberto Gerchunoff,1883-01-01T00:00:00Z,1950-03-02T00:00:00Z,Argentina,Los gauchos judíos,1,https://es.wikipedia.org/wiki/Alberto_Gerchunoff
http://www.wikidata.org/entity/Q214622,Nikos Kazantzakis,1883-02-18T00:00:00Z,1957-10-26T00:00:00Z,Grecia,Ascesi,1,https://es.wikipedia.org/wiki/Nikos_Kazantzakis
http://www.wikidata.org/entity/Q214622,Nikos Kazantzakis,1883-02-18T00:00:00Z,1957-10-26T00:00:00Z,Grecia,The Odyssey: A Modern Sequel,1,https://es.wikipedia.org/wiki/Nikos_Kazantzakis
http://www.wikidata.org/entity/Q214622,Nikos Kazantzakis,1883-02-18T00:00:00Z,1957-10-26T00:00:00Z,Grecia,Christ Recrucified,1,https://es.wikipedia.org/wiki/Nikos_Kazantzakis
http://www.wikidata.org/entity/Q214622,Nikos Kazantzakis,1883-02-18T00:00:00Z,1957-10-26T00:00:00Z,Grecia,Libertad o muerte,1,https://es.wikipedia.org/wiki/Nikos_Kazantzakis
http://www.wikidata.org/entity/Q214622,Nikos Kazantzakis,1883-02-18T00:00:00Z,1957-10-26T00:00:00Z,Grecia,La última tentación de Cristo,1,https://es.wikipedia.org/wiki/Nikos_Kazantzakis
http://www.wikidata.org/entity/Q214622,Nikos Kazantzakis,1883-02-18T00:00:00Z,1957-10-26T00:00:00Z,Grecia,"Zorba, el griego",1,https://es.wikipedia.org/wiki/Nikos_Kazantzakis
http://www.wikidata.org/entity/Q11685811,José Francés,1883-07-22T00:00:00Z,1964-09-10T00:00:00Z,España,La vida artística - Una exposición de humoristas,1,https://es.wikipedia.org/wiki/Jos%C3%A9_Franc%C3%A9s
http://www.wikidata.org/entity/Q1744460,Porfirio Barba-Jacob,1883-07-29T00:00:00Z,1942-01-14T00:00:00Z,Colombia,La canción de la vida profunda y otros poemas,1,https://es.wikipedia.org/wiki/Porfirio_Barba_Jacob
http://www.wikidata.org/entity/Q318391,Abel Bonnard,1883-12-19T00:00:00Z,1968-05-31T00:00:00Z,Francia,Les Royautés,1,https://es.wikipedia.org/wiki/Abel_Bonnard
http://www.wikidata.org/entity/Q318391,Abel Bonnard,1883-12-19T00:00:00Z,1968-05-31T00:00:00Z,Francia,Les Modérés,1,https://es.wikipedia.org/wiki/Abel_Bonnard
http://www.wikidata.org/entity/Q318391,Abel Bonnard,1883-12-19T00:00:00Z,1968-05-31T00:00:00Z,Francia,En Chine,1,https://es.wikipedia.org/wiki/Abel_Bonnard
http://www.wikidata.org/entity/Q318391,Abel Bonnard,1883-12-19T00:00:00Z,1968-05-31T00:00:00Z,Francia,Les Familiers,1,https://es.wikipedia.org/wiki/Abel_Bonnard
http://www.wikidata.org/entity/Q9013301,Josep Pasqual Tirado,1884-01-01T00:00:00Z,1937-01-01T00:00:00Z,España,Tombatossals,1,https://es.wikipedia.org/wiki/Josep_Pasqual_Tirado
http://www.wikidata.org/entity/Q124308708,Luis Gómez Corena,1884-01-01T00:00:00Z,1927-01-01T00:00:00Z,Colombia,Un redentor moderno,1,
http://www.wikidata.org/entity/Q2600983,Josep Carner,1884-02-09T00:00:00Z,1970-06-04T00:00:00Z,Perú,El cor quiet,1,https://es.wikipedia.org/wiki/Josep_Carner
http://www.wikidata.org/entity/Q2600983,Josep Carner,1884-02-09T00:00:00Z,1970-06-04T00:00:00Z,Perú,Auques i ventalls,1,https://es.wikipedia.org/wiki/Josep_Carner
http://www.wikidata.org/entity/Q2600983,Josep Carner,1884-02-09T00:00:00Z,1970-06-04T00:00:00Z,Perú,Els fruits saborosos,1,https://es.wikipedia.org/wiki/Josep_Carner
http://www.wikidata.org/entity/Q2600983,Josep Carner,1884-02-09T00:00:00Z,1970-06-04T00:00:00Z,Perú,Nabí,1,https://es.wikipedia.org/wiki/Josep_Carner
http://www.wikidata.org/entity/Q2076131,León Felipe,1884-04-11T00:00:00Z,1968-09-18T00:00:00Z,España,El ciervo,1,https://es.wikipedia.org/wiki/Le%C3%B3n_Felipe
http://www.wikidata.org/entity/Q123766489,Daniel Bayona Posada,1884-04-18T00:00:00Z,1920-10-21T00:00:00Z,Colombia,Poesías,1,
http://www.wikidata.org/entity/Q3620381,Antonio de Hoyos y Vinent,1884-05-02T00:00:00Z,1940-06-11T00:00:00Z,España,La torería,1,https://es.wikipedia.org/wiki/Antonio_de_Hoyos_y_Vinent
http://www.wikidata.org/entity/Q3047707,Vicente Risco,1884-09-30T00:00:00Z,1963-04-30T00:00:00Z,España,Q61060186,1,https://es.wikipedia.org/wiki/Vicente_Risco
http://www.wikidata.org/entity/Q3047707,Vicente Risco,1884-09-30T00:00:00Z,1963-04-30T00:00:00Z,España,Q45723446,1,https://es.wikipedia.org/wiki/Vicente_Risco
http://www.wikidata.org/entity/Q3047707,Vicente Risco,1884-09-30T00:00:00Z,1963-04-30T00:00:00Z,España,O lobo da xente,1,https://es.wikipedia.org/wiki/Vicente_Risco
http://www.wikidata.org/entity/Q3047707,Vicente Risco,1884-09-30T00:00:00Z,1963-04-30T00:00:00Z,España,Q12395627,1,https://es.wikipedia.org/wiki/Vicente_Risco
http://www.wikidata.org/entity/Q124228701,Francisco Giraldo Hernández,1884-10-04T00:00:00Z,1926-01-01T00:00:00Z,Colombia,El hijo de la otra,1,
http://www.wikidata.org/entity/Q123413633,Francisco Botero,1885-01-01T00:00:00Z,1938-01-01T00:00:00Z,Colombia,Frutos de lucha,1,
http://www.wikidata.org/entity/Q1377191,Wenceslao Fernández Flórez,1885-01-12T00:00:00Z,1964-04-29T00:00:00Z,España,Q133894219,1,https://es.wikipedia.org/wiki/Wenceslao_Fern%C3%A1ndez_Fl%C3%B3rez
http://www.wikidata.org/entity/Q1377191,Wenceslao Fernández Flórez,1885-01-12T00:00:00Z,1964-04-29T00:00:00Z,España,Volvoreta,1,https://es.wikipedia.org/wiki/Wenceslao_Fern%C3%A1ndez_Fl%C3%B3rez
http://www.wikidata.org/entity/Q1377191,Wenceslao Fernández Flórez,1885-01-12T00:00:00Z,1964-04-29T00:00:00Z,España,El bosque animado,1,https://es.wikipedia.org/wiki/Wenceslao_Fern%C3%A1ndez_Fl%C3%B3rez
http://www.wikidata.org/entity/Q817347,Benito Lynch,1885-07-25T00:00:00Z,1951-12-23T00:00:00Z,Argentina,El inglés de los güesos,1,https://es.wikipedia.org/wiki/Benito_Lynch
http://www.wikidata.org/entity/Q56199065,Agustín Rodríguez,1885-08-29T00:00:00Z,1957-10-02T00:00:00Z,España,Quiéreme mucho,1,
